month_year,Industry,Alberta,British Columbia,Canada,Manitoba,New Brunswick,Newfoundland and Labrador,Northwest Territories,Nova Scotia,Nunavut,Ontario,Prince Edward Island,Quebec,Saskatchewan,Yukon
2019-01-01,Accommodation and food services [72],7406.0,10083.0,62464.0,1960.0,1236.0,907.0,92.0,1507.0,36.0,22533.0,289.0,14497.0,2021.0,132.0
2019-01-01,"Administrative and support, waste management and remediation services [56]",5550.0,6913.0,39766.0,1206.0,633.0,409.0,64.0,830.0,17.0,15274.0,135.0,8332.0,1020.0,83.0
2019-01-01,"Arts, entertainment and recreation [71]",1453.0,2521.0,14279.0,495.0,284.0,229.0,19.0,400.0,,4716.0,89.0,3631.0,418.0,34.0
2019-01-01,Beverage and tobacco product manufacturing [312],99.0,392.0,1289.0,26.0,30.0,21.0,,67.0,,465.0,,205.0,37.0,
2019-01-01,Business sector industries [T004],119632.0,147898.0,893957.0,27667.0,17221.0,13385.0,959.0,20018.0,340.0,342151.0,3868.0,191670.0,24853.0,1326.0
2019-01-01,Construction [23],16732.0,20314.0,117281.0,3703.0,2282.0,1625.0,142.0,2869.0,45.0,39804.0,551.0,25771.0,3557.0,209.0
2019-01-01,Educational services [61],1185.0,1873.0,9373.0,229.0,154.0,101.0,15.0,186.0,,3753.0,30.0,1594.0,218.0,16.0
2019-01-01,"Finance and insurance and Management of companies and enterprises [52, 55]",3712.0,4804.0,27671.0,1054.0,483.0,274.0,36.0,589.0,19.0,11723.0,127.0,4582.0,1062.0,41.0
2019-01-01,Food manufacturing [311],434.0,810.0,4854.0,188.0,148.0,74.0,,195.0,,1728.0,52.0,1312.0,123.0,
2019-01-01,"Forestry, fishing and hunting [11]",370.0,1861.0,4757.0,39.0,363.0,33.0,,184.0,,609.0,,1226.0,51.0,
2019-01-01,Health care and social assistance [62],11402.0,15352.0,96096.0,3222.0,2404.0,1499.0,56.0,2404.0,42.0,36067.0,351.0,20797.0,2479.0,119.0
2019-01-01,Information and cultural industries [51],877.0,1906.0,10114.0,299.0,135.0,81.0,13.0,187.0,,4383.0,34.0,2292.0,176.0,28.0
2019-01-01,Manufacturing [31-33],4124.0,6309.0,42292.0,1216.0,762.0,337.0,17.0,889.0,,17530.0,189.0,11707.0,878.0,26.0
2019-01-01,"Mining, quarrying, and oil and gas extraction [21]",3552.0,860.0,6049.0,89.0,54.0,66.0,,63.0,,471.0,,287.0,714.0,40.0
2019-01-01,Other services (except public administration) [81],9985.0,10528.0,72564.0,2407.0,1553.0,1077.0,91.0,1868.0,26.0,25158.0,403.0,17424.0,2277.0,111.0
2019-01-01,"Professional, scientific and technical services [54]",18223.0,18173.0,113057.0,2272.0,1362.0,950.0,93.0,1789.0,24.0,49679.0,313.0,19704.0,2090.0,128.0
2019-01-01,Real estate and rental and leasing [53],5003.0,7912.0,40130.0,1169.0,650.0,518.0,40.0,841.0,18.0,15248.0,180.0,8083.0,1006.0,57.0
2019-01-01,Retail trade [44-45],10033.0,13018.0,86399.0,2905.0,2201.0,1695.0,140.0,2413.0,48.0,31356.0,540.0,20749.0,2913.0,167.0
2019-01-01,Tourism industry,8897.0,13127.0,77818.0,2626.0,1499.0,1208.0,130.0,1909.0,55.0,27398.0,391.0,18522.0,2420.0,194.0
2019-01-01,Transportation and warehousing [48-49],6378.0,6116.0,50463.0,2353.0,1035.0,509.0,59.0,721.0,23.0,22407.0,158.0,10239.0,1456.0,50.0
2019-01-01,Utilities [22],160.0,96.0,725.0,,15.0,,,16.0,,310.0,,96.0,26.0,
2019-01-01,Wholesale trade [41],4541.0,6615.0,39583.0,1363.0,768.0,504.0,33.0,1038.0,,17132.0,161.0,9988.0,1127.0,28.0
2019-02-01,Accommodation and food services [72],7431.0,10082.0,62593.0,1958.0,1235.0,911.0,98.0,1516.0,36.0,22581.0,288.0,14498.0,2016.0,130.0
2019-02-01,"Administrative and support, waste management and remediation services [56]",5584.0,6870.0,39683.0,1209.0,625.0,422.0,65.0,833.0,18.0,15250.0,135.0,8339.0,1003.0,81.0
2019-02-01,"Arts, entertainment and recreation [71]",1455.0,2530.0,14355.0,499.0,291.0,226.0,17.0,400.0,,4751.0,89.0,3641.0,412.0,34.0
2019-02-01,Beverage and tobacco product manufacturing [312],100.0,404.0,1314.0,27.0,31.0,22.0,,69.0,,466.0,,207.0,38.0,
2019-02-01,Business sector industries [T004],119728.0,147881.0,895634.0,27652.0,17203.0,13418.0,973.0,20030.0,343.0,343240.0,3895.0,191572.0,24853.0,1314.0
2019-02-01,Construction [23],16736.0,20319.0,116975.0,3682.0,2266.0,1637.0,143.0,2881.0,46.0,39658.0,555.0,25684.0,3522.0,211.0
2019-02-01,Educational services [61],1171.0,1896.0,9390.0,222.0,156.0,100.0,13.0,190.0,,3766.0,30.0,1596.0,214.0,15.0
2019-02-01,"Finance and insurance and Management of companies and enterprises [52, 55]",3724.0,4824.0,27734.0,1063.0,485.0,274.0,37.0,587.0,18.0,11736.0,128.0,4570.0,1079.0,40.0
2019-02-01,Food manufacturing [311],439.0,813.0,4860.0,188.0,149.0,72.0,,195.0,,1730.0,52.0,1314.0,123.0,
2019-02-01,"Forestry, fishing and hunting [11]",370.0,1853.0,4741.0,38.0,366.0,37.0,,189.0,,604.0,,1223.0,54.0,
2019-02-01,Health care and social assistance [62],11521.0,15381.0,96277.0,3240.0,2402.0,1517.0,56.0,2402.0,43.0,36088.0,350.0,20697.0,2496.0,118.0
2019-02-01,Information and cultural industries [51],890.0,1902.0,10092.0,296.0,135.0,84.0,14.0,185.0,,4388.0,33.0,2304.0,178.0,29.0
2019-02-01,Manufacturing [31-33],4145.0,6320.0,42424.0,1235.0,763.0,340.0,15.0,892.0,,17535.0,194.0,11728.0,885.0,26.0
2019-02-01,"Mining, quarrying, and oil and gas extraction [21]",3524.0,841.0,5982.0,89.0,52.0,68.0,,62.0,,465.0,,292.0,713.0,38.0
2019-02-01,Other services (except public administration) [81],9993.0,10529.0,72890.0,2419.0,1544.0,1077.0,92.0,1871.0,27.0,25279.0,412.0,17407.0,2293.0,110.0
2019-02-01,"Professional, scientific and technical services [54]",18236.0,18132.0,113414.0,2257.0,1372.0,948.0,90.0,1791.0,25.0,49868.0,316.0,19662.0,2108.0,127.0
2019-02-01,Real estate and rental and leasing [53],5018.0,7933.0,40069.0,1171.0,649.0,525.0,41.0,842.0,18.0,15181.0,181.0,8019.0,1013.0,55.0
2019-02-01,Retail trade [44-45],10093.0,13025.0,86332.0,2904.0,2188.0,1705.0,141.0,2416.0,48.0,31369.0,542.0,20698.0,2949.0,164.0
2019-02-01,Tourism industry,8925.0,13109.0,77964.0,2613.0,1503.0,1214.0,136.0,1921.0,54.0,27461.0,391.0,18567.0,2423.0,194.0
2019-02-01,Transportation and warehousing [48-49],6393.0,6129.0,50438.0,2343.0,1048.0,512.0,61.0,711.0,23.0,22385.0,160.0,10282.0,1434.0,51.0
2019-02-01,Utilities [22],157.0,97.0,725.0,,15.0,,,16.0,,310.0,,96.0,26.0,
2019-02-01,Wholesale trade [41],4539.0,6561.0,39510.0,1378.0,772.0,505.0,33.0,1041.0,,17137.0,159.0,9979.0,1134.0,27.0
2019-03-01,Accommodation and food services [72],7429.0,10096.0,62677.0,1968.0,1241.0,922.0,101.0,1507.0,35.0,22564.0,279.0,14571.0,2011.0,134.0
2019-03-01,"Administrative and support, waste management and remediation services [56]",5596.0,6917.0,39731.0,1210.0,635.0,413.0,62.0,836.0,18.0,15279.0,131.0,8373.0,1019.0,82.0
2019-03-01,"Arts, entertainment and recreation [71]",1452.0,2552.0,14421.0,501.0,299.0,234.0,18.0,400.0,,4745.0,90.0,3707.0,422.0,34.0
2019-03-01,Beverage and tobacco product manufacturing [312],104.0,410.0,1330.0,29.0,31.0,22.0,,70.0,,470.0,,209.0,39.0,
2019-03-01,Business sector industries [T004],119750.0,148208.0,901177.0,27752.0,17248.0,13388.0,967.0,20037.0,345.0,345344.0,3899.0,192524.0,24922.0,1320.0
2019-03-01,Construction [23],16754.0,20351.0,117153.0,3722.0,2293.0,1643.0,141.0,2875.0,48.0,39766.0,559.0,25750.0,3546.0,213.0
2019-03-01,Educational services [61],1192.0,1922.0,9427.0,226.0,156.0,101.0,15.0,192.0,,3780.0,29.0,1613.0,221.0,15.0
2019-03-01,"Finance and insurance and Management of companies and enterprises [52, 55]",3714.0,4834.0,27766.0,1067.0,489.0,271.0,37.0,584.0,19.0,11767.0,130.0,4621.0,1087.0,38.0
2019-03-01,Food manufacturing [311],436.0,801.0,4826.0,183.0,142.0,73.0,,194.0,,1726.0,51.0,1311.0,122.0,
2019-03-01,"Forestry, fishing and hunting [11]",366.0,1835.0,4742.0,40.0,365.0,34.0,,194.0,,601.0,,1244.0,54.0,
2019-03-01,Health care and social assistance [62],11579.0,15395.0,96501.0,3244.0,2413.0,1508.0,57.0,2409.0,45.0,36082.0,350.0,21027.0,2503.0,119.0
2019-03-01,Information and cultural industries [51],898.0,1902.0,10123.0,303.0,127.0,85.0,14.0,190.0,,4403.0,32.0,2312.0,178.0,29.0
2019-03-01,Manufacturing [31-33],4152.0,6323.0,42528.0,1239.0,761.0,342.0,15.0,900.0,,17507.0,192.0,11720.0,892.0,28.0
2019-03-01,"Mining, quarrying, and oil and gas extraction [21]",3529.0,862.0,6029.0,87.0,52.0,68.0,,62.0,,465.0,,286.0,726.0,38.0
2019-03-01,Other services (except public administration) [81],10004.0,10540.0,73027.0,2427.0,1539.0,1070.0,93.0,1880.0,26.0,25395.0,418.0,17465.0,2287.0,113.0
2019-03-01,"Professional, scientific and technical services [54]",18181.0,18113.0,113787.0,2286.0,1378.0,947.0,93.0,1792.0,25.0,50031.0,317.0,19770.0,2111.0,124.0
2019-03-01,Real estate and rental and leasing [53],5032.0,7960.0,40125.0,1170.0,654.0,521.0,43.0,837.0,18.0,15225.0,179.0,8110.0,1026.0,55.0
2019-03-01,Retail trade [44-45],10087.0,13043.0,86256.0,2907.0,2199.0,1703.0,140.0,2425.0,48.0,31467.0,536.0,20706.0,2975.0,165.0
2019-03-01,Tourism industry,8915.0,13118.0,78045.0,2617.0,1510.0,1230.0,137.0,1901.0,52.0,27374.0,379.0,18619.0,2412.0,197.0
2019-03-01,Transportation and warehousing [48-49],6426.0,6145.0,51247.0,2391.0,1036.0,508.0,58.0,729.0,22.0,22659.0,166.0,10354.0,1460.0,52.0
2019-03-01,Utilities [22],158.0,94.0,717.0,,15.0,,,17.0,,308.0,,97.0,24.0,
2019-03-01,Wholesale trade [41],4536.0,6601.0,39500.0,1390.0,776.0,502.0,31.0,1038.0,,17138.0,159.0,9981.0,1134.0,27.0
2019-04-01,Accommodation and food services [72],7450.0,10106.0,62799.0,1962.0,1240.0,930.0,97.0,1514.0,33.0,22650.0,293.0,14562.0,2007.0,135.0
2019-04-01,"Administrative and support, waste management and remediation services [56]",5639.0,6945.0,39905.0,1211.0,633.0,424.0,61.0,827.0,18.0,15329.0,137.0,8420.0,1024.0,84.0
2019-04-01,"Arts, entertainment and recreation [71]",1462.0,2564.0,14431.0,495.0,286.0,239.0,15.0,406.0,,4769.0,92.0,3720.0,427.0,34.0
2019-04-01,Beverage and tobacco product manufacturing [312],105.0,412.0,1346.0,28.0,33.0,22.0,,70.0,,471.0,,212.0,39.0,
2019-04-01,Business sector industries [T004],119876.0,148206.0,907709.0,27728.0,17290.0,13441.0,966.0,20064.0,331.0,348897.0,3933.0,192455.0,24975.0,1344.0
2019-04-01,Construction [23],16799.0,20354.0,117221.0,3737.0,2303.0,1619.0,142.0,2876.0,45.0,39981.0,558.0,25617.0,3627.0,214.0
2019-04-01,Educational services [61],1205.0,1953.0,9496.0,227.0,156.0,102.0,15.0,198.0,,3814.0,31.0,1636.0,223.0,14.0
2019-04-01,"Finance and insurance and Management of companies and enterprises [52, 55]",3724.0,4824.0,27788.0,1072.0,488.0,271.0,36.0,568.0,18.0,11756.0,131.0,4642.0,1081.0,37.0
2019-04-01,Food manufacturing [311],431.0,811.0,4847.0,184.0,144.0,72.0,,196.0,,1728.0,52.0,1319.0,125.0,
2019-04-01,"Forestry, fishing and hunting [11]",366.0,1850.0,4750.0,41.0,372.0,34.0,,190.0,,606.0,,1252.0,54.0,
2019-04-01,Health care and social assistance [62],11567.0,15382.0,96573.0,3249.0,2406.0,1508.0,56.0,2404.0,43.0,36117.0,354.0,21078.0,2514.0,117.0
2019-04-01,Information and cultural industries [51],919.0,1905.0,10160.0,301.0,134.0,85.0,14.0,194.0,,4433.0,33.0,2329.0,179.0,29.0
2019-04-01,Manufacturing [31-33],4149.0,6326.0,42707.0,1241.0,761.0,347.0,16.0,901.0,,17524.0,194.0,11728.0,892.0,28.0
2019-04-01,"Mining, quarrying, and oil and gas extraction [21]",3524.0,874.0,6049.0,86.0,53.0,70.0,,63.0,,468.0,,287.0,730.0,35.0
2019-04-01,Other services (except public administration) [81],10032.0,10510.0,73292.0,2423.0,1565.0,1081.0,91.0,1881.0,26.0,25493.0,420.0,17453.0,2280.0,116.0
2019-04-01,"Professional, scientific and technical services [54]",18354.0,18143.0,114314.0,2302.0,1386.0,955.0,95.0,1791.0,25.0,50336.0,316.0,19835.0,2125.0,130.0
2019-04-01,Real estate and rental and leasing [53],5026.0,7997.0,40432.0,1165.0,653.0,520.0,42.0,839.0,18.0,15254.0,186.0,8157.0,1028.0,55.0
2019-04-01,Retail trade [44-45],10110.0,13020.0,86305.0,2904.0,2204.0,1693.0,139.0,2433.0,47.0,31744.0,552.0,20674.0,2974.0,169.0
2019-04-01,Tourism industry,8935.0,13112.0,78139.0,2620.0,1511.0,1237.0,135.0,1921.0,49.0,27519.0,399.0,18673.0,2425.0,201.0
2019-04-01,Transportation and warehousing [48-49],6442.0,6133.0,51535.0,2389.0,1043.0,498.0,58.0,744.0,21.0,22812.0,158.0,10436.0,1456.0,54.0
2019-04-01,Utilities [22],161.0,94.0,726.0,,15.0,,,18.0,,314.0,,96.0,24.0,
2019-04-01,Wholesale trade [41],4530.0,6632.0,39464.0,1383.0,774.0,504.0,31.0,1037.0,,17137.0,158.0,10004.0,1142.0,28.0
2019-05-01,Accommodation and food services [72],7468.0,10121.0,63061.0,1964.0,1251.0,931.0,98.0,1512.0,32.0,22778.0,298.0,14596.0,2045.0,143.0
2019-05-01,"Administrative and support, waste management and remediation services [56]",5651.0,6968.0,40150.0,1221.0,630.0,422.0,62.0,845.0,20.0,15444.0,143.0,8454.0,1023.0,84.0
2019-05-01,"Arts, entertainment and recreation [71]",1454.0,2610.0,14520.0,496.0,292.0,241.0,16.0,409.0,,4816.0,94.0,3732.0,422.0,34.0
2019-05-01,Beverage and tobacco product manufacturing [312],105.0,417.0,1364.0,28.0,34.0,25.0,,73.0,,480.0,,213.0,37.0,
2019-05-01,Business sector industries [T004],119972.0,148388.0,912273.0,27659.0,17353.0,13302.0,965.0,20093.0,334.0,351178.0,3932.0,192978.0,24938.0,1377.0
2019-05-01,Construction [23],16759.0,20432.0,117446.0,3734.0,2298.0,1598.0,141.0,2885.0,46.0,40125.0,549.0,25883.0,3578.0,219.0
2019-05-01,Educational services [61],1190.0,1978.0,9524.0,229.0,156.0,104.0,14.0,205.0,,3825.0,32.0,1651.0,229.0,15.0
2019-05-01,"Finance and insurance and Management of companies and enterprises [52, 55]",3683.0,4850.0,27783.0,1061.0,487.0,271.0,36.0,582.0,17.0,11740.0,131.0,4645.0,1089.0,39.0
2019-05-01,Food manufacturing [311],428.0,817.0,4869.0,185.0,145.0,73.0,,196.0,,1728.0,52.0,1338.0,125.0,
2019-05-01,"Forestry, fishing and hunting [11]",363.0,1846.0,4751.0,39.0,371.0,34.0,,188.0,,605.0,,1259.0,54.0,
2019-05-01,Health care and social assistance [62],11640.0,15425.0,96794.0,3247.0,2422.0,1496.0,55.0,2403.0,50.0,36142.0,352.0,21159.0,2525.0,118.0
2019-05-01,Information and cultural industries [51],907.0,1921.0,10197.0,301.0,139.0,88.0,15.0,197.0,,4445.0,33.0,2342.0,181.0,30.0
2019-05-01,Manufacturing [31-33],4138.0,6347.0,42828.0,1242.0,768.0,348.0,16.0,908.0,,17514.0,193.0,11723.0,894.0,28.0
2019-05-01,"Mining, quarrying, and oil and gas extraction [21]",3500.0,867.0,6012.0,84.0,53.0,68.0,,62.0,,460.0,,288.0,727.0,40.0
2019-05-01,Other services (except public administration) [81],10049.0,10526.0,73508.0,2425.0,1564.0,1074.0,92.0,1940.0,25.0,25640.0,421.0,17365.0,2287.0,119.0
2019-05-01,"Professional, scientific and technical services [54]",18437.0,18207.0,114697.0,2292.0,1390.0,947.0,92.0,1795.0,24.0,50514.0,314.0,19893.0,2142.0,139.0
2019-05-01,Real estate and rental and leasing [53],5039.0,8031.0,40555.0,1164.0,656.0,517.0,43.0,849.0,19.0,15282.0,189.0,8193.0,1013.0,60.0
2019-05-01,Retail trade [44-45],10093.0,12997.0,86284.0,2891.0,2214.0,1697.0,138.0,2431.0,48.0,31880.0,548.0,20614.0,2968.0,163.0
2019-05-01,Tourism industry,8953.0,13166.0,78445.0,2594.0,1526.0,1244.0,137.0,1950.0,48.0,27677.0,408.0,18751.0,2441.0,210.0
2019-05-01,Transportation and warehousing [48-49],6452.0,6146.0,51664.0,2382.0,1050.0,517.0,56.0,734.0,21.0,22877.0,151.0,10309.0,1464.0,55.0
2019-05-01,Utilities [22],160.0,95.0,729.0,,15.0,,,18.0,,314.0,,96.0,25.0,
2019-05-01,Wholesale trade [41],4519.0,6639.0,39459.0,1383.0,780.0,505.0,32.0,1039.0,,17097.0,156.0,10009.0,1136.0,28.0
2019-06-01,Accommodation and food services [72],7447.0,10117.0,63395.0,1982.0,1254.0,937.0,98.0,1515.0,33.0,22967.0,308.0,14973.0,2054.0,141.0
2019-06-01,"Administrative and support, waste management and remediation services [56]",5652.0,6984.0,40277.0,1229.0,630.0,426.0,63.0,845.0,21.0,15563.0,137.0,8499.0,1017.0,81.0
2019-06-01,"Arts, entertainment and recreation [71]",1465.0,2635.0,14596.0,503.0,293.0,245.0,17.0,415.0,,4846.0,98.0,3734.0,424.0,34.0
2019-06-01,Beverage and tobacco product manufacturing [312],109.0,426.0,1379.0,30.0,34.0,27.0,,72.0,,478.0,,214.0,37.0,
2019-06-01,Business sector industries [T004],120041.0,148789.0,913426.0,27861.0,17377.0,13378.0,971.0,20074.0,330.0,352051.0,3951.0,192818.0,24975.0,1355.0
2019-06-01,Construction [23],16770.0,20392.0,117737.0,3745.0,2310.0,1592.0,146.0,2882.0,45.0,40267.0,552.0,25962.0,3580.0,216.0
2019-06-01,Educational services [61],1183.0,2000.0,9610.0,232.0,160.0,103.0,15.0,205.0,,3852.0,31.0,1672.0,239.0,16.0
2019-06-01,"Finance and insurance and Management of companies and enterprises [52, 55]",3751.0,4879.0,27938.0,1082.0,482.0,271.0,36.0,588.0,18.0,11784.0,133.0,4682.0,1070.0,40.0
2019-06-01,Food manufacturing [311],427.0,825.0,4892.0,188.0,147.0,72.0,,195.0,,1740.0,52.0,1345.0,126.0,
2019-06-01,"Forestry, fishing and hunting [11]",368.0,1831.0,4736.0,38.0,366.0,34.0,,186.0,,603.0,,1251.0,55.0,
2019-06-01,Health care and social assistance [62],11694.0,15417.0,97118.0,3286.0,2427.0,1502.0,55.0,2426.0,45.0,36233.0,354.0,21262.0,2545.0,117.0
2019-06-01,Information and cultural industries [51],908.0,1935.0,10261.0,303.0,140.0,84.0,14.0,200.0,,4477.0,38.0,2380.0,183.0,31.0
2019-06-01,Manufacturing [31-33],4136.0,6360.0,42911.0,1244.0,769.0,348.0,16.0,901.0,,17556.0,201.0,11741.0,896.0,29.0
2019-06-01,"Mining, quarrying, and oil and gas extraction [21]",3529.0,867.0,6061.0,94.0,52.0,68.0,,62.0,,467.0,,288.0,731.0,40.0
2019-06-01,Other services (except public administration) [81],10069.0,10527.0,73691.0,2422.0,1561.0,1083.0,91.0,1948.0,25.0,25743.0,423.0,17588.0,2285.0,115.0
2019-06-01,"Professional, scientific and technical services [54]",18613.0,18301.0,115472.0,2292.0,1399.0,968.0,101.0,1806.0,23.0,50805.0,317.0,20044.0,2140.0,133.0
2019-06-01,Real estate and rental and leasing [53],5040.0,8029.0,40552.0,1171.0,661.0,517.0,42.0,855.0,17.0,15290.0,189.0,8203.0,1028.0,57.0
2019-06-01,Retail trade [44-45],10096.0,13076.0,86347.0,2909.0,2214.0,1676.0,137.0,2432.0,48.0,31971.0,540.0,20675.0,2990.0,167.0
2019-06-01,Tourism industry,8954.0,13200.0,78705.0,2636.0,1524.0,1258.0,139.0,1961.0,49.0,27922.0,420.0,18782.0,2435.0,205.0
2019-06-01,Transportation and warehousing [48-49],6497.0,6147.0,51935.0,2399.0,1044.0,518.0,59.0,737.0,21.0,22944.0,154.0,10433.0,1482.0,53.0
2019-06-01,Utilities [22],166.0,94.0,737.0,,14.0,,,20.0,,320.0,,95.0,25.0,
2019-06-01,Wholesale trade [41],4527.0,6657.0,39527.0,1380.0,782.0,502.0,31.0,1039.0,,17117.0,153.0,10008.0,1149.0,27.0
2019-07-01,Accommodation and food services [72],7459.0,10244.0,63448.0,1968.0,1251.0,942.0,99.0,1517.0,33.0,22879.0,308.0,14891.0,2066.0,137.0
2019-07-01,"Administrative and support, waste management and remediation services [56]",5668.0,7012.0,40490.0,1222.0,635.0,425.0,63.0,850.0,21.0,15647.0,137.0,8535.0,1018.0,82.0
2019-07-01,"Arts, entertainment and recreation [71]",1462.0,2651.0,14629.0,506.0,291.0,252.0,19.0,415.0,,4867.0,103.0,3717.0,427.0,34.0
2019-07-01,Beverage and tobacco product manufacturing [312],111.0,431.0,1386.0,32.0,36.0,26.0,,73.0,,476.0,,214.0,37.0,
2019-07-01,Business sector industries [T004],120094.0,149000.0,914602.0,27824.0,17426.0,13386.0,969.0,20121.0,332.0,352530.0,3969.0,192871.0,24998.0,1355.0
2019-07-01,Construction [23],16776.0,20521.0,118133.0,3746.0,2298.0,1593.0,142.0,2882.0,46.0,40370.0,564.0,26065.0,3580.0,220.0
2019-07-01,Educational services [61],1179.0,2013.0,9590.0,236.0,159.0,106.0,15.0,203.0,,3848.0,31.0,1669.0,236.0,15.0
2019-07-01,"Finance and insurance and Management of companies and enterprises [52, 55]",3741.0,4891.0,27970.0,1068.0,481.0,271.0,38.0,591.0,19.0,11815.0,136.0,4678.0,1065.0,41.0
2019-07-01,Food manufacturing [311],428.0,835.0,4906.0,188.0,145.0,73.0,,193.0,,1748.0,47.0,1351.0,124.0,
2019-07-01,"Forestry, fishing and hunting [11]",371.0,1803.0,4703.0,38.0,361.0,31.0,,186.0,,601.0,,1247.0,51.0,
2019-07-01,Health care and social assistance [62],11727.0,15483.0,97411.0,3285.0,2442.0,1501.0,52.0,2417.0,43.0,36332.0,351.0,21336.0,2540.0,116.0
2019-07-01,Information and cultural industries [51],900.0,1954.0,10305.0,306.0,137.0,83.0,13.0,196.0,,4488.0,36.0,2395.0,188.0,29.0
2019-07-01,Manufacturing [31-33],4148.0,6399.0,42958.0,1245.0,771.0,348.0,16.0,907.0,,17569.0,197.0,11785.0,890.0,28.0
2019-07-01,"Mining, quarrying, and oil and gas extraction [21]",3514.0,862.0,6026.0,94.0,52.0,71.0,,62.0,,453.0,,285.0,729.0,40.0
2019-07-01,Other services (except public administration) [81],10042.0,10597.0,73026.0,2396.0,1552.0,1081.0,93.0,1943.0,23.0,25774.0,425.0,17535.0,2295.0,119.0
2019-07-01,"Professional, scientific and technical services [54]",18619.0,18329.0,115754.0,2291.0,1393.0,969.0,99.0,1803.0,22.0,50905.0,317.0,20137.0,2150.0,135.0
2019-07-01,Real estate and rental and leasing [53],5029.0,8028.0,40642.0,1172.0,672.0,519.0,43.0,864.0,18.0,15301.0,188.0,8207.0,1019.0,58.0
2019-07-01,Retail trade [44-45],10092.0,13134.0,86240.0,2907.0,2207.0,1692.0,133.0,2429.0,49.0,31920.0,536.0,20628.0,2979.0,170.0
2019-07-01,Tourism industry,8972.0,13253.0,78697.0,2626.0,1523.0,1258.0,142.0,1958.0,49.0,27871.0,422.0,18751.0,2444.0,200.0
2019-07-01,Transportation and warehousing [48-49],6512.0,6193.0,52100.0,2403.0,1044.0,522.0,58.0,740.0,20.0,23070.0,154.0,10462.0,1490.0,52.0
2019-07-01,Utilities [22],170.0,96.0,732.0,,14.0,,,18.0,,315.0,,91.0,27.0,
2019-07-01,Wholesale trade [41],4522.0,6659.0,39659.0,1381.0,774.0,503.0,31.0,1050.0,,17104.0,151.0,10013.0,1156.0,28.0
2019-08-01,Accommodation and food services [72],7478.0,10219.0,63270.0,1970.0,1262.0,941.0,97.0,1522.0,34.0,22736.0,315.0,14834.0,2075.0,139.0
2019-08-01,"Administrative and support, waste management and remediation services [56]",5643.0,7022.0,40498.0,1232.0,631.0,425.0,68.0,845.0,21.0,15653.0,136.0,8510.0,1043.0,84.0
2019-08-01,"Arts, entertainment and recreation [71]",1464.0,2641.0,14619.0,501.0,291.0,241.0,21.0,415.0,,4859.0,107.0,3713.0,430.0,33.0
2019-08-01,Beverage and tobacco product manufacturing [312],115.0,430.0,1389.0,32.0,38.0,27.0,,72.0,,474.0,,213.0,38.0,
2019-08-01,Business sector industries [T004],120114.0,149309.0,911956.0,27884.0,17461.0,13398.0,966.0,20127.0,331.0,351046.0,4009.0,193009.0,25133.0,1355.0
2019-08-01,Construction [23],16709.0,20515.0,118334.0,3766.0,2303.0,1594.0,141.0,2897.0,45.0,40357.0,570.0,26117.0,3588.0,217.0
2019-08-01,Educational services [61],1175.0,2007.0,9623.0,232.0,152.0,110.0,14.0,201.0,,3863.0,30.0,1672.0,239.0,18.0
2019-08-01,"Finance and insurance and Management of companies and enterprises [52, 55]",3716.0,4900.0,27916.0,1068.0,481.0,269.0,35.0,589.0,19.0,11804.0,134.0,4658.0,1076.0,39.0
2019-08-01,Food manufacturing [311],432.0,839.0,4934.0,191.0,142.0,74.0,,195.0,,1758.0,49.0,1339.0,124.0,
2019-08-01,"Forestry, fishing and hunting [11]",365.0,1772.0,4659.0,36.0,365.0,34.0,,183.0,,600.0,,1245.0,51.0,
2019-08-01,Health care and social assistance [62],11752.0,15534.0,97612.0,3279.0,2451.0,1494.0,54.0,2412.0,43.0,36398.0,355.0,21361.0,2577.0,116.0
2019-08-01,Information and cultural industries [51],899.0,1924.0,10280.0,302.0,141.0,83.0,15.0,194.0,,4495.0,37.0,2367.0,187.0,28.0
2019-08-01,Manufacturing [31-33],4151.0,6413.0,42849.0,1250.0,772.0,355.0,16.0,907.0,,17544.0,196.0,11759.0,904.0,28.0
2019-08-01,"Mining, quarrying, and oil and gas extraction [21]",3502.0,852.0,5985.0,94.0,52.0,70.0,,62.0,,450.0,,280.0,724.0,40.0
2019-08-01,Other services (except public administration) [81],10059.0,10601.0,72938.0,2400.0,1560.0,1087.0,91.0,1918.0,26.0,25622.0,427.0,17505.0,2304.0,122.0
2019-08-01,"Professional, scientific and technical services [54]",18549.0,18346.0,115668.0,2288.0,1381.0,973.0,92.0,1781.0,21.0,50865.0,313.0,20220.0,2184.0,136.0
2019-08-01,Real estate and rental and leasing [53],5008.0,8011.0,40530.0,1170.0,666.0,518.0,41.0,858.0,18.0,15326.0,191.0,8171.0,1018.0,59.0
2019-08-01,Retail trade [44-45],10126.0,13132.0,86132.0,2909.0,2219.0,1688.0,133.0,2418.0,47.0,31742.0,533.0,20634.0,2984.0,169.0
2019-08-01,Tourism industry,9002.0,13251.0,78623.0,2627.0,1537.0,1252.0,141.0,1955.0,49.0,27689.0,431.0,18744.0,2462.0,204.0
2019-08-01,Transportation and warehousing [48-49],6473.0,6181.0,51932.0,2392.0,1045.0,510.0,60.0,739.0,20.0,23038.0,152.0,10433.0,1486.0,52.0
2019-08-01,Utilities [22],164.0,88.0,719.0,,14.0,,,15.0,,313.0,,93.0,27.0,
2019-08-01,Wholesale trade [41],4511.0,6631.0,39503.0,1382.0,774.0,508.0,32.0,1044.0,,17096.0,150.0,9990.0,1168.0,28.0
2019-09-01,Accommodation and food services [72],7491.0,10224.0,63255.0,1966.0,1250.0,931.0,105.0,1534.0,32.0,22688.0,302.0,14802.0,2080.0,140.0
2019-09-01,"Administrative and support, waste management and remediation services [56]",5636.0,7006.0,40549.0,1230.0,633.0,416.0,65.0,847.0,20.0,15718.0,135.0,8506.0,1050.0,83.0
2019-09-01,"Arts, entertainment and recreation [71]",1469.0,2627.0,14566.0,495.0,288.0,236.0,19.0,409.0,,4848.0,100.0,3693.0,428.0,33.0
2019-09-01,Beverage and tobacco product manufacturing [312],117.0,436.0,1407.0,32.0,38.0,27.0,,74.0,,485.0,,210.0,40.0,
2019-09-01,Business sector industries [T004],120087.0,148910.0,909643.0,27845.0,17405.0,13262.0,967.0,20122.0,334.0,350327.0,3971.0,193066.0,25028.0,1351.0
2019-09-01,Construction [23],16614.0,20501.0,118331.0,3729.0,2293.0,1591.0,143.0,2899.0,42.0,40411.0,566.0,26204.0,3591.0,208.0
2019-09-01,Educational services [61],1182.0,2021.0,9614.0,231.0,148.0,103.0,15.0,190.0,,3855.0,30.0,1656.0,243.0,16.0
2019-09-01,"Finance and insurance and Management of companies and enterprises [52, 55]",3724.0,4899.0,27908.0,1063.0,486.0,269.0,33.0,585.0,19.0,11822.0,129.0,4643.0,1064.0,41.0
2019-09-01,Food manufacturing [311],437.0,839.0,4906.0,189.0,147.0,69.0,,192.0,,1743.0,50.0,1334.0,126.0,
2019-09-01,"Forestry, fishing and hunting [11]",362.0,1754.0,4682.0,39.0,360.0,40.0,,186.0,,595.0,,1285.0,53.0,
2019-09-01,Health care and social assistance [62],11844.0,15594.0,97967.0,3286.0,2445.0,1494.0,53.0,2413.0,47.0,36531.0,356.0,21419.0,2604.0,114.0
2019-09-01,Information and cultural industries [51],890.0,1936.0,10277.0,302.0,139.0,86.0,14.0,200.0,,4481.0,36.0,2350.0,191.0,30.0
2019-09-01,Manufacturing [31-33],4160.0,6390.0,42737.0,1242.0,776.0,347.0,15.0,903.0,,17550.0,198.0,11754.0,910.0,28.0
2019-09-01,"Mining, quarrying, and oil and gas extraction [21]",3492.0,836.0,5955.0,94.0,52.0,78.0,,63.0,,444.0,,280.0,716.0,39.0
2019-09-01,Other services (except public administration) [81],10074.0,10604.0,72699.0,2401.0,1566.0,1074.0,90.0,1906.0,27.0,25528.0,426.0,17469.0,2299.0,125.0
2019-09-01,"Professional, scientific and technical services [54]",18496.0,18447.0,115608.0,2300.0,1360.0,951.0,93.0,1808.0,20.0,50881.0,311.0,20222.0,2147.0,138.0
2019-09-01,Real estate and rental and leasing [53],4999.0,7987.0,40480.0,1175.0,667.0,514.0,45.0,866.0,18.0,15298.0,193.0,8152.0,1025.0,64.0
2019-09-01,Retail trade [44-45],10127.0,13110.0,85957.0,2899.0,2203.0,1669.0,136.0,2423.0,47.0,31559.0,534.0,20601.0,2962.0,168.0
2019-09-01,Tourism industry,8999.0,13265.0,78435.0,2617.0,1519.0,1244.0,146.0,1955.0,48.0,27625.0,415.0,18682.0,2457.0,206.0
2019-09-01,Transportation and warehousing [48-49],6510.0,6169.0,51812.0,2391.0,1046.0,504.0,63.0,740.0,22.0,23068.0,150.0,10479.0,1457.0,55.0
2019-09-01,Utilities [22],163.0,90.0,720.0,,14.0,,,17.0,,310.0,,93.0,29.0,
2019-09-01,Wholesale trade [41],4486.0,6595.0,39355.0,1379.0,768.0,493.0,31.0,1035.0,,17037.0,153.0,9938.0,1145.0,28.0
2019-10-01,Accommodation and food services [72],7473.0,10207.0,63155.0,1952.0,1249.0,917.0,99.0,1537.0,32.0,22673.0,295.0,14792.0,2085.0,139.0
2019-10-01,"Administrative and support, waste management and remediation services [56]",5614.0,7012.0,40466.0,1223.0,634.0,418.0,65.0,844.0,20.0,15685.0,135.0,8465.0,1031.0,80.0
2019-10-01,"Arts, entertainment and recreation [71]",1475.0,2640.0,14528.0,488.0,281.0,234.0,17.0,401.0,,4819.0,93.0,3683.0,421.0,32.0
2019-10-01,Beverage and tobacco product manufacturing [312],118.0,441.0,1417.0,32.0,38.0,28.0,,76.0,,487.0,,214.0,38.0,
2019-10-01,Business sector industries [T004],119743.0,148953.0,904858.0,27815.0,17377.0,13201.0,959.0,20128.0,335.0,348121.0,3964.0,193258.0,25046.0,1350.0
2019-10-01,Construction [23],16508.0,20461.0,118378.0,3707.0,2292.0,1579.0,145.0,2909.0,45.0,40534.0,572.0,26265.0,3566.0,216.0
2019-10-01,Educational services [61],1176.0,2018.0,9619.0,231.0,149.0,104.0,16.0,197.0,,3853.0,29.0,1644.0,242.0,14.0
2019-10-01,"Finance and insurance and Management of companies and enterprises [52, 55]",3706.0,4893.0,27843.0,1070.0,482.0,268.0,32.0,580.0,18.0,11853.0,128.0,4617.0,1072.0,42.0
2019-10-01,Food manufacturing [311],432.0,842.0,4908.0,188.0,145.0,68.0,,188.0,,1745.0,50.0,1330.0,128.0,
2019-10-01,"Forestry, fishing and hunting [11]",358.0,1721.0,4620.0,43.0,357.0,34.0,,183.0,,594.0,,1269.0,52.0,
2019-10-01,Health care and social assistance [62],11865.0,15627.0,97991.0,3288.0,2451.0,1483.0,50.0,2420.0,45.0,36496.0,355.0,21441.0,2612.0,115.0
2019-10-01,Information and cultural industries [51],886.0,1910.0,10243.0,313.0,141.0,84.0,15.0,200.0,,4468.0,34.0,2346.0,190.0,31.0
2019-10-01,Manufacturing [31-33],4142.0,6396.0,42626.0,1238.0,775.0,344.0,16.0,901.0,,17519.0,199.0,11691.0,906.0,28.0
2019-10-01,"Mining, quarrying, and oil and gas extraction [21]",3457.0,827.0,5902.0,92.0,51.0,75.0,,61.0,,447.0,,279.0,709.0,39.0
2019-10-01,Other services (except public administration) [81],10035.0,10586.0,72444.0,2394.0,1558.0,1060.0,91.0,1893.0,27.0,25461.0,425.0,17458.0,2286.0,120.0
2019-10-01,"Professional, scientific and technical services [54]",18428.0,18319.0,115321.0,2287.0,1368.0,950.0,93.0,1804.0,19.0,50799.0,304.0,20217.0,2160.0,139.0
2019-10-01,Real estate and rental and leasing [53],4983.0,7966.0,40309.0,1176.0,664.0,508.0,44.0,852.0,18.0,15320.0,194.0,8114.0,1016.0,63.0
2019-10-01,Retail trade [44-45],10120.0,13083.0,85902.0,2894.0,2187.0,1664.0,132.0,2419.0,45.0,31384.0,532.0,20579.0,2973.0,169.0
2019-10-01,Tourism industry,8990.0,13237.0,78289.0,2598.0,1504.0,1219.0,140.0,1948.0,48.0,27585.0,403.0,18672.0,2472.0,204.0
2019-10-01,Transportation and warehousing [48-49],6449.0,6166.0,51561.0,2404.0,1046.0,493.0,58.0,742.0,22.0,23004.0,150.0,10452.0,1461.0,54.0
2019-10-01,Utilities [22],161.0,93.0,715.0,,14.0,,,17.0,,305.0,,92.0,29.0,
2019-10-01,Wholesale trade [41],4479.0,6558.0,39245.0,1384.0,761.0,494.0,32.0,1040.0,,16993.0,151.0,9902.0,1161.0,26.0
2019-11-01,Accommodation and food services [72],7440.0,10183.0,62964.0,1952.0,1230.0,905.0,99.0,1547.0,31.0,22601.0,291.0,14737.0,2091.0,138.0
2019-11-01,"Administrative and support, waste management and remediation services [56]",5575.0,6983.0,40351.0,1211.0,628.0,418.0,63.0,832.0,20.0,15673.0,138.0,8415.0,1020.0,78.0
2019-11-01,"Arts, entertainment and recreation [71]",1463.0,2602.0,14474.0,494.0,289.0,231.0,19.0,384.0,,4772.0,97.0,3667.0,419.0,32.0
2019-11-01,Beverage and tobacco product manufacturing [312],122.0,440.0,1436.0,33.0,38.0,25.0,,75.0,,495.0,,219.0,39.0,
2019-11-01,Business sector industries [T004],119501.0,148580.0,901574.0,27855.0,17373.0,13167.0,963.0,20142.0,333.0,346538.0,3986.0,193459.0,24996.0,1351.0
2019-11-01,Construction [23],16374.0,20397.0,117979.0,3699.0,2292.0,1570.0,146.0,2915.0,42.0,40302.0,573.0,26255.0,3535.0,221.0
2019-11-01,Educational services [61],1175.0,2010.0,9634.0,230.0,144.0,104.0,14.0,193.0,,3861.0,25.0,1621.0,242.0,13.0
2019-11-01,"Finance and insurance and Management of companies and enterprises [52, 55]",3683.0,4852.0,27643.0,1051.0,474.0,268.0,34.0,585.0,18.0,11746.0,127.0,4597.0,1061.0,40.0
2019-11-01,Food manufacturing [311],444.0,836.0,4915.0,185.0,143.0,73.0,,189.0,,1735.0,49.0,1340.0,130.0,
2019-11-01,"Forestry, fishing and hunting [11]",351.0,1698.0,4593.0,37.0,362.0,32.0,,183.0,,591.0,,1262.0,50.0,
2019-11-01,Health care and social assistance [62],11877.0,15665.0,98180.0,3296.0,2440.0,1490.0,52.0,2410.0,46.0,36574.0,356.0,21417.0,2618.0,118.0
2019-11-01,Information and cultural industries [51],879.0,1913.0,10196.0,305.0,138.0,84.0,15.0,201.0,,4432.0,37.0,2326.0,187.0,30.0
2019-11-01,Manufacturing [31-33],4135.0,6369.0,42430.0,1220.0,772.0,343.0,15.0,902.0,,17465.0,199.0,11731.0,908.0,26.0
2019-11-01,"Mining, quarrying, and oil and gas extraction [21]",3385.0,811.0,5823.0,92.0,50.0,71.0,,61.0,,446.0,,278.0,708.0,38.0
2019-11-01,Other services (except public administration) [81],10032.0,10586.0,72403.0,2398.0,1545.0,1058.0,94.0,1869.0,27.0,25272.0,427.0,17409.0,2278.0,120.0
2019-11-01,"Professional, scientific and technical services [54]",18302.0,18221.0,114539.0,2283.0,1362.0,936.0,93.0,1785.0,22.0,50475.0,301.0,20172.0,2153.0,140.0
2019-11-01,Real estate and rental and leasing [53],4948.0,7924.0,40111.0,1170.0,665.0,504.0,45.0,852.0,20.0,15275.0,194.0,8047.0,992.0,61.0
2019-11-01,Retail trade [44-45],10086.0,13064.0,86115.0,2890.0,2166.0,1660.0,132.0,2406.0,46.0,31126.0,523.0,20564.0,2959.0,168.0
2019-11-01,Tourism industry,8955.0,13195.0,78184.0,2594.0,1495.0,1203.0,140.0,1930.0,47.0,27477.0,397.0,18694.0,2471.0,204.0
2019-11-01,Transportation and warehousing [48-49],6445.0,6146.0,51338.0,2397.0,1037.0,494.0,56.0,737.0,22.0,22969.0,149.0,10464.0,1451.0,54.0
2019-11-01,Utilities [22],161.0,95.0,710.0,,13.0,,,17.0,,300.0,,90.0,29.0,
2019-11-01,Wholesale trade [41],4459.0,6523.0,39057.0,1391.0,758.0,491.0,32.0,1038.0,,16941.0,154.0,9843.0,1160.0,28.0
2019-12-01,Accommodation and food services [72],7454.0,10126.0,63100.0,1953.0,1234.0,921.0,98.0,1540.0,33.0,22682.0,288.0,14805.0,2073.0,136.0
2019-12-01,"Administrative and support, waste management and remediation services [56]",5502.0,6952.0,40106.0,1196.0,628.0,410.0,63.0,824.0,21.0,15625.0,135.0,8369.0,1006.0,78.0
2019-12-01,"Arts, entertainment and recreation [71]",1462.0,2591.0,14450.0,503.0,291.0,228.0,18.0,389.0,,4773.0,97.0,3674.0,419.0,32.0
2019-12-01,Beverage and tobacco product manufacturing [312],123.0,434.0,1438.0,35.0,39.0,30.0,,75.0,,495.0,,220.0,39.0,
2019-12-01,Business sector industries [T004],119303.0,148540.0,897964.0,27964.0,17305.0,13127.0,955.0,20166.0,340.0,345089.0,3956.0,193940.0,24954.0,1340.0
2019-12-01,Construction [23],16226.0,20321.0,117597.0,3681.0,2263.0,1558.0,143.0,2901.0,47.0,40221.0,563.0,26298.0,3490.0,216.0
2019-12-01,Educational services [61],1174.0,1986.0,9633.0,228.0,151.0,112.0,14.0,187.0,,3870.0,27.0,1608.0,244.0,15.0
2019-12-01,"Finance and insurance and Management of companies and enterprises [52, 55]",3649.0,4846.0,27479.0,1050.0,475.0,265.0,31.0,572.0,18.0,11664.0,127.0,4593.0,1060.0,43.0
2019-12-01,Food manufacturing [311],441.0,841.0,4903.0,189.0,144.0,74.0,,185.0,,1728.0,50.0,1337.0,129.0,
2019-12-01,"Forestry, fishing and hunting [11]",354.0,1685.0,4587.0,40.0,359.0,32.0,,184.0,,591.0,,1273.0,49.0,
2019-12-01,Health care and social assistance [62],11862.0,15676.0,98239.0,3294.0,2439.0,1485.0,53.0,2410.0,45.0,36577.0,351.0,21457.0,2612.0,117.0
2019-12-01,Information and cultural industries [51],869.0,1890.0,10146.0,305.0,135.0,81.0,15.0,202.0,,4424.0,38.0,2312.0,191.0,28.0
2019-12-01,Manufacturing [31-33],4113.0,6357.0,42218.0,1227.0,765.0,345.0,16.0,902.0,,17434.0,197.0,11738.0,902.0,28.0
2019-12-01,"Mining, quarrying, and oil and gas extraction [21]",3383.0,809.0,5800.0,90.0,50.0,74.0,,60.0,,453.0,,281.0,705.0,37.0
2019-12-01,Other services (except public administration) [81],10015.0,10488.0,72412.0,2413.0,1536.0,1040.0,93.0,1845.0,27.0,25252.0,423.0,17431.0,2269.0,119.0
2019-12-01,"Professional, scientific and technical services [54]",18186.0,18132.0,113957.0,2278.0,1354.0,925.0,94.0,1792.0,22.0,50186.0,300.0,20195.0,2163.0,140.0
2019-12-01,Real estate and rental and leasing [53],4925.0,7850.0,39745.0,1161.0,662.0,503.0,45.0,853.0,18.0,15230.0,194.0,7981.0,995.0,66.0
2019-12-01,Retail trade [44-45],10053.0,13012.0,85764.0,2884.0,2169.0,1643.0,132.0,2390.0,47.0,30972.0,523.0,20527.0,2940.0,167.0
2019-12-01,Tourism industry,8951.0,13148.0,78357.0,2599.0,1493.0,1223.0,138.0,1923.0,50.0,27553.0,388.0,18722.0,2462.0,200.0
2019-12-01,Transportation and warehousing [48-49],6415.0,6141.0,51148.0,2405.0,1025.0,490.0,57.0,737.0,22.0,22839.0,148.0,10493.0,1445.0,54.0
2019-12-01,Utilities [22],161.0,94.0,702.0,,13.0,,,17.0,,298.0,,86.0,28.0,
2019-12-01,Wholesale trade [41],4441.0,6471.0,38878.0,1389.0,747.0,488.0,31.0,1029.0,,16871.0,154.0,9797.0,1161.0,26.0
2020-01-01,Accommodation and food services [72],7441.0,10060.0,63102.0,1963.0,1221.0,894.0,95.0,1553.0,32.0,22729.0,285.0,14841.0,2053.0,131.0
2020-01-01,"Administrative and support, waste management and remediation services [56]",5488.0,6935.0,40001.0,1187.0,631.0,406.0,63.0,820.0,21.0,15610.0,134.0,8354.0,994.0,81.0
2020-01-01,"Arts, entertainment and recreation [71]",1469.0,2613.0,14525.0,503.0,287.0,232.0,17.0,387.0,,4810.0,95.0,3676.0,416.0,31.0
2020-01-01,Beverage and tobacco product manufacturing [312],120.0,428.0,1430.0,36.0,38.0,30.0,,72.0,,495.0,,224.0,41.0,
2020-01-01,Business sector industries [T004],119001.0,148586.0,896931.0,27934.0,17272.0,13085.0,947.0,20136.0,332.0,344567.0,3955.0,194347.0,24805.0,1327.0
2020-01-01,Construction [23],16077.0,20242.0,117582.0,3658.0,2264.0,1549.0,145.0,2891.0,46.0,40315.0,572.0,26368.0,3457.0,213.0
2020-01-01,Educational services [61],1164.0,2001.0,9629.0,229.0,147.0,106.0,13.0,185.0,,3861.0,29.0,1598.0,241.0,13.0
2020-01-01,"Finance and insurance and Management of companies and enterprises [52, 55]",3637.0,4828.0,27420.0,1050.0,475.0,267.0,31.0,574.0,17.0,11649.0,128.0,4561.0,1054.0,42.0
2020-01-01,Food manufacturing [311],434.0,844.0,4908.0,186.0,142.0,73.0,,187.0,,1728.0,51.0,1343.0,123.0,
2020-01-01,"Forestry, fishing and hunting [11]",352.0,1653.0,4529.0,37.0,352.0,32.0,,182.0,,587.0,,1267.0,46.0,
2020-01-01,Health care and social assistance [62],11866.0,15690.0,98226.0,3296.0,2431.0,1486.0,52.0,2402.0,45.0,36482.0,355.0,21556.0,2605.0,117.0
2020-01-01,Information and cultural industries [51],864.0,1886.0,10152.0,305.0,135.0,81.0,15.0,202.0,,4401.0,38.0,2327.0,188.0,31.0
2020-01-01,Manufacturing [31-33],4102.0,6313.0,42170.0,1232.0,763.0,340.0,15.0,899.0,,17377.0,197.0,11751.0,896.0,29.0
2020-01-01,"Mining, quarrying, and oil and gas extraction [21]",3349.0,795.0,5723.0,87.0,49.0,72.0,,63.0,,437.0,,280.0,695.0,37.0
2020-01-01,Other services (except public administration) [81],9990.0,10457.0,72652.0,2408.0,1525.0,1046.0,91.0,1829.0,28.0,25304.0,423.0,17444.0,2254.0,117.0
2020-01-01,"Professional, scientific and technical services [54]",18185.0,18077.0,113649.0,2259.0,1361.0,931.0,93.0,1790.0,21.0,50200.0,298.0,20168.0,2118.0,138.0
2020-01-01,Real estate and rental and leasing [53],4901.0,7772.0,39659.0,1150.0,660.0,500.0,43.0,849.0,18.0,15198.0,190.0,7929.0,997.0,62.0
2020-01-01,Retail trade [44-45],10050.0,12951.0,85835.0,2883.0,2156.0,1646.0,132.0,2387.0,47.0,31026.0,528.0,20563.0,2938.0,166.0
2020-01-01,Tourism industry,8919.0,13134.0,78312.0,2612.0,1486.0,1192.0,134.0,1931.0,47.0,27593.0,384.0,18809.0,2441.0,195.0
2020-01-01,Transportation and warehousing [48-49],6300.0,6128.0,50954.0,2397.0,1025.0,485.0,59.0,745.0,23.0,23033.0,149.0,10456.0,1421.0,56.0
2020-01-01,Utilities [22],159.0,96.0,709.0,,14.0,,,17.0,,304.0,,87.0,27.0,
2020-01-01,Wholesale trade [41],4399.0,6441.0,38770.0,1392.0,743.0,487.0,32.0,1031.0,,16855.0,152.0,9777.0,1161.0,25.0
2020-02-01,Accommodation and food services [72],7408.0,10033.0,62858.0,1934.0,1207.0,887.0,96.0,1546.0,36.0,22722.0,284.0,14860.0,2067.0,132.0
2020-02-01,"Administrative and support, waste management and remediation services [56]",5461.0,6937.0,39985.0,1180.0,619.0,402.0,62.0,816.0,19.0,15540.0,136.0,8266.0,994.0,78.0
2020-02-01,"Arts, entertainment and recreation [71]",1473.0,2590.0,14494.0,490.0,288.0,218.0,17.0,386.0,,4812.0,92.0,3674.0,419.0,30.0
2020-02-01,Beverage and tobacco product manufacturing [312],121.0,425.0,1431.0,34.0,38.0,29.0,,71.0,,495.0,,228.0,39.0,
2020-02-01,Business sector industries [T004],118487.0,147896.0,899683.0,27740.0,17230.0,13059.0,946.0,20195.0,329.0,347093.0,3942.0,194264.0,24754.0,1310.0
2020-02-01,Construction [23],16091.0,20094.0,117508.0,3634.0,2245.0,1554.0,141.0,2895.0,45.0,40339.0,570.0,26387.0,3498.0,212.0
2020-02-01,Educational services [61],1159.0,2021.0,9652.0,230.0,151.0,109.0,12.0,193.0,,3883.0,27.0,1595.0,238.0,13.0
2020-02-01,"Finance and insurance and Management of companies and enterprises [52, 55]",3662.0,4788.0,27364.0,1043.0,472.0,275.0,29.0,566.0,16.0,11610.0,132.0,4542.0,1052.0,37.0
2020-02-01,Food manufacturing [311],435.0,843.0,4912.0,187.0,142.0,74.0,,180.0,,1731.0,51.0,1340.0,128.0,
2020-02-01,"Forestry, fishing and hunting [11]",350.0,1665.0,4510.0,36.0,351.0,32.0,,181.0,,589.0,,1251.0,46.0,
2020-02-01,Health care and social assistance [62],11854.0,15625.0,98058.0,3241.0,2438.0,1483.0,51.0,2398.0,45.0,36481.0,358.0,21440.0,2595.0,116.0
2020-02-01,Information and cultural industries [51],855.0,1906.0,10188.0,304.0,136.0,81.0,16.0,201.0,,4409.0,36.0,2312.0,184.0,30.0
2020-02-01,Manufacturing [31-33],4088.0,6299.0,42066.0,1231.0,757.0,345.0,15.0,892.0,,17283.0,193.0,11738.0,898.0,26.0
2020-02-01,"Mining, quarrying, and oil and gas extraction [21]",3302.0,793.0,5653.0,86.0,50.0,72.0,,60.0,,437.0,,273.0,694.0,37.0
2020-02-01,Other services (except public administration) [81],9879.0,10392.0,72657.0,2407.0,1527.0,1051.0,90.0,1863.0,28.0,25162.0,419.0,17409.0,2237.0,116.0
2020-02-01,"Professional, scientific and technical services [54]",18069.0,18092.0,113582.0,2266.0,1365.0,932.0,95.0,1800.0,21.0,49956.0,298.0,20152.0,2108.0,138.0
2020-02-01,Real estate and rental and leasing [53],4856.0,7721.0,39330.0,1147.0,658.0,497.0,44.0,853.0,17.0,15185.0,193.0,7875.0,986.0,60.0
2020-02-01,Retail trade [44-45],10012.0,12888.0,85430.0,2885.0,2140.0,1638.0,127.0,2377.0,46.0,30953.0,523.0,20545.0,2947.0,166.0
2020-02-01,Tourism industry,8885.0,12961.0,77966.0,2567.0,1475.0,1181.0,136.0,1920.0,50.0,27583.0,380.0,18844.0,2468.0,194.0
2020-02-01,Transportation and warehousing [48-49],6243.0,6112.0,50545.0,2383.0,1033.0,487.0,60.0,735.0,23.0,22580.0,144.0,10464.0,1400.0,51.0
2020-02-01,Utilities [22],152.0,97.0,699.0,,13.0,,,17.0,,298.0,,90.0,27.0,
2020-02-01,Wholesale trade [41],4404.0,6366.0,38648.0,1388.0,746.0,477.0,32.0,1026.0,,16842.0,151.0,9737.0,1156.0,27.0
2020-03-01,Accommodation and food services [72],7027.0,9214.0,59015.0,1885.0,1192.0,873.0,93.0,1463.0,35.0,21286.0,282.0,13723.0,1954.0,128.0
2020-03-01,"Administrative and support, waste management and remediation services [56]",5281.0,6582.0,38351.0,1164.0,609.0,394.0,62.0,810.0,19.0,15001.0,129.0,8130.0,978.0,77.0
2020-03-01,"Arts, entertainment and recreation [71]",1416.0,2485.0,14010.0,483.0,287.0,217.0,15.0,379.0,,4614.0,88.0,3613.0,416.0,32.0
2020-03-01,Beverage and tobacco product manufacturing [312],122.0,418.0,1415.0,35.0,38.0,30.0,,72.0,,490.0,,229.0,36.0,
2020-03-01,Business sector industries [T004],114787.0,141201.0,870545.0,27240.0,16893.0,12782.0,926.0,19692.0,329.0,335640.0,3840.0,186829.0,24044.0,1291.0
2020-03-01,Construction [23],15569.0,18685.0,111907.0,3614.0,2215.0,1512.0,139.0,2843.0,45.0,38455.0,565.0,25256.0,3359.0,210.0
2020-03-01,Educational services [61],1146.0,1915.0,9278.0,221.0,143.0,108.0,11.0,186.0,,3768.0,27.0,1523.0,232.0,13.0
2020-03-01,"Finance and insurance and Management of companies and enterprises [52, 55]",3575.0,4702.0,26871.0,1035.0,459.0,273.0,29.0,570.0,17.0,11473.0,132.0,4467.0,1038.0,38.0
2020-03-01,Food manufacturing [311],423.0,811.0,4759.0,182.0,140.0,72.0,,180.0,,1697.0,51.0,1290.0,127.0,
2020-03-01,"Forestry, fishing and hunting [11]",343.0,1642.0,4462.0,32.0,359.0,32.0,,182.0,,564.0,,1249.0,49.0,
2020-03-01,Health care and social assistance [62],11715.0,15283.0,96555.0,3235.0,2413.0,1450.0,51.0,2372.0,43.0,35862.0,353.0,21330.0,2595.0,115.0
2020-03-01,Information and cultural industries [51],840.0,1816.0,9819.0,297.0,136.0,81.0,17.0,199.0,,4327.0,35.0,2249.0,183.0,27.0
2020-03-01,Manufacturing [31-33],4002.0,6058.0,41021.0,1212.0,752.0,341.0,16.0,884.0,,16878.0,186.0,11337.0,871.0,27.0
2020-03-01,"Mining, quarrying, and oil and gas extraction [21]",3228.0,775.0,5560.0,86.0,49.0,72.0,,59.0,,437.0,,271.0,693.0,35.0
2020-03-01,Other services (except public administration) [81],9471.0,9820.0,69338.0,2345.0,1466.0,1014.0,88.0,1805.0,27.0,24159.0,409.0,16587.0,2154.0,112.0
2020-03-01,"Professional, scientific and technical services [54]",17690.0,17722.0,111742.0,2234.0,1361.0,916.0,94.0,1772.0,21.0,49331.0,289.0,19646.0,2082.0,137.0
2020-03-01,Real estate and rental and leasing [53],4789.0,7452.0,38096.0,1136.0,651.0,492.0,42.0,850.0,17.0,14538.0,188.0,7614.0,970.0,60.0
2020-03-01,Retail trade [44-45],9700.0,12255.0,81954.0,2817.0,2116.0,1612.0,124.0,2340.0,47.0,29861.0,500.0,19616.0,2899.0,165.0
2020-03-01,Tourism industry,8447.0,11974.0,73617.0,2515.0,1449.0,1162.0,128.0,1829.0,51.0,25930.0,375.0,17606.0,2338.0,193.0
2020-03-01,Transportation and warehousing [48-49],6057.0,5577.0,48445.0,2344.0,1013.0,474.0,63.0,738.0,24.0,21425.0,140.0,9871.0,1378.0,53.0
2020-03-01,Utilities [22],152.0,96.0,688.0,,13.0,,,17.0,,287.0,,92.0,29.0,
2020-03-01,Wholesale trade [41],4339.0,6247.0,37531.0,1369.0,735.0,468.0,31.0,994.0,,16396.0,152.0,9447.0,1148.0,26.0
2020-04-01,Accommodation and food services [72],6405.0,8318.0,52276.0,1736.0,1048.0,716.0,81.0,1272.0,35.0,18105.0,266.0,12549.0,1749.0,117.0
2020-04-01,"Administrative and support, waste management and remediation services [56]",5073.0,6345.0,36126.0,1136.0,589.0,380.0,63.0,749.0,19.0,13740.0,122.0,7772.0,922.0,72.0
2020-04-01,"Arts, entertainment and recreation [71]",1275.0,2287.0,12670.0,430.0,247.0,193.0,16.0,329.0,,4115.0,86.0,3401.0,367.0,32.0
2020-04-01,Beverage and tobacco product manufacturing [312],119.0,402.0,1385.0,33.0,37.0,28.0,,72.0,,476.0,,233.0,36.0,
2020-04-01,Business sector industries [T004],108526.0,134383.0,820568.0,26205.0,15695.0,11916.0,904.0,18178.0,326.0,311196.0,3559.0,176703.0,22730.0,1260.0
2020-04-01,Construction [23],14849.0,18299.0,103849.0,3481.0,2013.0,1352.0,138.0,2566.0,46.0,35055.0,510.0,23025.0,3214.0,211.0
2020-04-01,Educational services [61],1050.0,1759.0,8411.0,215.0,124.0,86.0,11.0,173.0,,3371.0,27.0,1452.0,223.0,13.0
2020-04-01,"Finance and insurance and Management of companies and enterprises [52, 55]",3526.0,4658.0,26354.0,1032.0,451.0,260.0,29.0,565.0,16.0,11119.0,126.0,4407.0,1027.0,32.0
2020-04-01,Food manufacturing [311],416.0,780.0,4601.0,182.0,135.0,69.0,,174.0,,1602.0,48.0,1291.0,125.0,
2020-04-01,"Forestry, fishing and hunting [11]",339.0,1588.0,4247.0,32.0,338.0,33.0,,158.0,,538.0,,1191.0,48.0,
2020-04-01,Health care and social assistance [62],11243.0,14569.0,92237.0,3141.0,2286.0,1380.0,47.0,2248.0,43.0,33753.0,328.0,20823.0,2509.0,111.0
2020-04-01,Information and cultural industries [51],825.0,1763.0,9375.0,296.0,124.0,76.0,17.0,194.0,,4087.0,37.0,2189.0,175.0,28.0
2020-04-01,Manufacturing [31-33],3879.0,5812.0,39246.0,1186.0,713.0,321.0,15.0,842.0,,15853.0,170.0,10873.0,848.0,25.0
2020-04-01,"Mining, quarrying, and oil and gas extraction [21]",3151.0,750.0,5422.0,88.0,47.0,68.0,,58.0,,429.0,,269.0,664.0,36.0
2020-04-01,Other services (except public administration) [81],8492.0,8772.0,62539.0,2208.0,1340.0,896.0,89.0,1650.0,28.0,20829.0,366.0,15596.0,1994.0,109.0
2020-04-01,"Professional, scientific and technical services [54]",17276.0,17549.0,109169.0,2214.0,1326.0,888.0,90.0,1752.0,21.0,47955.0,287.0,19171.0,2029.0,136.0
2020-04-01,Real estate and rental and leasing [53],4536.0,7262.0,36436.0,1118.0,598.0,453.0,41.0,781.0,17.0,13613.0,180.0,7344.0,916.0,58.0
2020-04-01,Retail trade [44-45],9164.0,11362.0,75733.0,2689.0,1960.0,1492.0,119.0,2136.0,46.0,27066.0,481.0,18688.0,2728.0,155.0
2020-04-01,Tourism industry,7701.0,10890.0,65770.0,2303.0,1305.0,987.0,123.0,1593.0,50.0,22342.0,361.0,16368.0,2105.0,180.0
2020-04-01,Transportation and warehousing [48-49],5830.0,5605.0,46299.0,2317.0,997.0,455.0,58.0,716.0,25.0,19801.0,135.0,9575.0,1354.0,51.0
2020-04-01,Utilities [22],152.0,98.0,676.0,,12.0,,,16.0,,275.0,,89.0,28.0,
2020-04-01,Wholesale trade [41],4236.0,6100.0,35891.0,1330.0,717.0,452.0,31.0,959.0,,15551.0,145.0,9094.0,1133.0,26.0
2020-05-01,Accommodation and food services [72],5983.0,8036.0,48048.0,1616.0,980.0,650.0,80.0,1084.0,33.0,16276.0,231.0,11461.0,1628.0,109.0
2020-05-01,"Administrative and support, waste management and remediation services [56]",4999.0,6338.0,35809.0,1131.0,605.0,384.0,61.0,735.0,19.0,13592.0,126.0,7667.0,921.0,72.0
2020-05-01,"Arts, entertainment and recreation [71]",1150.0,2139.0,11797.0,423.0,236.0,178.0,14.0,299.0,,3836.0,78.0,3186.0,340.0,29.0
2020-05-01,Beverage and tobacco product manufacturing [312],115.0,398.0,1365.0,32.0,35.0,28.0,,71.0,,467.0,,229.0,36.0,
2020-05-01,Business sector industries [T004],105295.0,132026.0,799908.0,25886.0,15613.0,11470.0,886.0,17443.0,325.0,299487.0,3512.0,173634.0,22257.0,1233.0
2020-05-01,Construction [23],14592.0,18454.0,103243.0,3474.0,2030.0,1314.0,133.0,2524.0,43.0,33726.0,528.0,24047.0,3183.0,207.0
2020-05-01,Educational services [61],971.0,1672.0,7872.0,209.0,121.0,84.0,14.0,157.0,,3131.0,28.0,1394.0,199.0,12.0
2020-05-01,"Finance and insurance and Management of companies and enterprises [52, 55]",3465.0,4630.0,26085.0,1029.0,453.0,252.0,29.0,560.0,16.0,10969.0,125.0,4380.0,1020.0,34.0
2020-05-01,Food manufacturing [311],405.0,774.0,4515.0,182.0,132.0,66.0,,176.0,,1556.0,48.0,1281.0,122.0,
2020-05-01,"Forestry, fishing and hunting [11]",337.0,1552.0,4211.0,34.0,328.0,33.0,,159.0,,546.0,,1194.0,43.0,
2020-05-01,Health care and social assistance [62],10842.0,14193.0,88276.0,3113.0,2304.0,1356.0,50.0,2172.0,44.0,31338.0,323.0,20234.0,2451.0,110.0
2020-05-01,Information and cultural industries [51],818.0,1760.0,9239.0,295.0,125.0,77.0,17.0,192.0,,3997.0,32.0,2146.0,174.0,29.0
2020-05-01,Manufacturing [31-33],3780.0,5744.0,38787.0,1179.0,708.0,305.0,15.0,829.0,,15406.0,174.0,10879.0,858.0,25.0
2020-05-01,"Mining, quarrying, and oil and gas extraction [21]",3060.0,756.0,5324.0,84.0,48.0,63.0,,55.0,,436.0,,266.0,654.0,35.0
2020-05-01,Other services (except public administration) [81],8031.0,8616.0,59374.0,2184.0,1312.0,839.0,87.0,1583.0,28.0,19126.0,369.0,14831.0,1969.0,102.0
2020-05-01,"Professional, scientific and technical services [54]",17061.0,17503.0,108112.0,2204.0,1330.0,865.0,87.0,1738.0,22.0,47303.0,289.0,19027.0,2027.0,137.0
2020-05-01,Real estate and rental and leasing [53],4457.0,7054.0,35318.0,1128.0,594.0,441.0,41.0,766.0,19.0,13091.0,177.0,7138.0,913.0,52.0
2020-05-01,Retail trade [44-45],8937.0,11096.0,73745.0,2683.0,1974.0,1468.0,114.0,2074.0,45.0,26068.0,484.0,18322.0,2706.0,156.0
2020-05-01,Tourism industry,7162.0,10494.0,60900.0,2186.0,1233.0,901.0,119.0,1446.0,47.0,20314.0,321.0,15135.0,1945.0,172.0
2020-05-01,Transportation and warehousing [48-49],5726.0,5586.0,45823.0,2333.0,992.0,461.0,55.0,699.0,25.0,19487.0,137.0,9394.0,1319.0,49.0
2020-05-01,Utilities [22],156.0,98.0,690.0,,12.0,,,16.0,,283.0,,92.0,27.0,
2020-05-01,Wholesale trade [41],4191.0,5999.0,35266.0,1327.0,709.0,455.0,31.0,952.0,,15161.0,157.0,9039.0,1123.0,26.0
2020-06-01,Accommodation and food services [72],6298.0,8559.0,48939.0,1679.0,1023.0,702.0,80.0,1261.0,32.0,16618.0,236.0,10957.0,1773.0,118.0
2020-06-01,"Administrative and support, waste management and remediation services [56]",5062.0,6224.0,35629.0,1118.0,600.0,373.0,62.0,748.0,19.0,13586.0,127.0,7638.0,918.0,73.0
2020-06-01,"Arts, entertainment and recreation [71]",1187.0,2202.0,11298.0,421.0,243.0,172.0,16.0,306.0,,3587.0,82.0,2838.0,340.0,27.0
2020-06-01,Beverage and tobacco product manufacturing [312],115.0,416.0,1388.0,33.0,37.0,29.0,,72.0,,472.0,,225.0,38.0,
2020-06-01,Business sector industries [T004],107220.0,134827.0,811489.0,26103.0,15944.0,11693.0,896.0,18075.0,319.0,304913.0,3587.0,172335.0,22653.0,1261.0
2020-06-01,Construction [23],14801.0,18585.0,105963.0,3473.0,2091.0,1375.0,134.0,2620.0,44.0,34806.0,543.0,24643.0,3229.0,208.0
2020-06-01,Educational services [61],978.0,1667.0,7628.0,206.0,130.0,88.0,13.0,161.0,,2969.0,30.0,1302.0,199.0,12.0
2020-06-01,"Finance and insurance and Management of companies and enterprises [52, 55]",3479.0,4590.0,25954.0,1018.0,458.0,253.0,28.0,559.0,17.0,10955.0,122.0,4299.0,1019.0,36.0
2020-06-01,Food manufacturing [311],416.0,795.0,4551.0,187.0,133.0,69.0,,175.0,,1561.0,47.0,1274.0,125.0,
2020-06-01,"Forestry, fishing and hunting [11]",333.0,1558.0,4247.0,36.0,335.0,34.0,,160.0,,547.0,,1193.0,48.0,
2020-06-01,Health care and social assistance [62],11193.0,14789.0,91505.0,3118.0,2343.0,1388.0,49.0,2272.0,40.0,33028.0,329.0,20625.0,2474.0,118.0
2020-06-01,Information and cultural industries [51],816.0,1711.0,9146.0,292.0,128.0,77.0,15.0,192.0,,3997.0,34.0,2129.0,173.0,29.0
2020-06-01,Manufacturing [31-33],3832.0,5877.0,39255.0,1191.0,717.0,311.0,15.0,854.0,,15655.0,176.0,10891.0,867.0,27.0
2020-06-01,"Mining, quarrying, and oil and gas extraction [21]",3015.0,759.0,5248.0,80.0,47.0,67.0,,56.0,,432.0,,262.0,634.0,39.0
2020-06-01,Other services (except public administration) [81],8560.0,9346.0,61873.0,2235.0,1376.0,912.0,97.0,1658.0,29.0,19688.0,387.0,15354.0,2091.0,111.0
2020-06-01,"Professional, scientific and technical services [54]",17060.0,17488.0,107401.0,2197.0,1323.0,878.0,91.0,1756.0,22.0,46863.0,288.0,18727.0,2024.0,137.0
2020-06-01,Real estate and rental and leasing [53],4373.0,6982.0,34902.0,1120.0,597.0,428.0,43.0,760.0,18.0,12842.0,175.0,6991.0,917.0,55.0
2020-06-01,Retail trade [44-45],9103.0,11423.0,74238.0,2705.0,2003.0,1499.0,115.0,2144.0,45.0,26190.0,488.0,18241.0,2748.0,157.0
2020-06-01,Tourism industry,7514.0,11021.0,60980.0,2240.0,1274.0,934.0,119.0,1617.0,47.0,20513.0,327.0,13921.0,2063.0,175.0
2020-06-01,Transportation and warehousing [48-49],5749.0,5586.0,45838.0,2325.0,992.0,459.0,55.0,697.0,26.0,19631.0,139.0,9288.0,1306.0,48.0
2020-06-01,Utilities [22],158.0,95.0,681.0,,11.0,,,16.0,,280.0,,89.0,28.0,
2020-06-01,Wholesale trade [41],4212.0,6021.0,35127.0,1322.0,698.0,459.0,31.0,967.0,,15055.0,158.0,8841.0,1128.0,27.0
2020-07-01,Accommodation and food services [72],6490.0,8907.0,52216.0,1741.0,1074.0,743.0,82.0,1324.0,35.0,17764.0,253.0,12137.0,1832.0,123.0
2020-07-01,"Administrative and support, waste management and remediation services [56]",5045.0,6345.0,36226.0,1128.0,604.0,381.0,61.0,755.0,19.0,13823.0,128.0,7752.0,924.0,70.0
2020-07-01,"Arts, entertainment and recreation [71]",1232.0,2265.0,11825.0,431.0,249.0,190.0,15.0,318.0,,3748.0,79.0,3030.0,365.0,28.0
2020-07-01,Beverage and tobacco product manufacturing [312],119.0,422.0,1417.0,34.0,37.0,32.0,,74.0,,482.0,,231.0,37.0,
2020-07-01,Business sector industries [T004],108815.0,137111.0,829218.0,26501.0,16205.0,11939.0,900.0,18506.0,325.0,312440.0,3651.0,177870.0,22977.0,1270.0
2020-07-01,Construction [23],14915.0,18986.0,108495.0,3533.0,2142.0,1416.0,133.0,2676.0,46.0,35905.0,552.0,25341.0,3235.0,208.0
2020-07-01,Educational services [61],1039.0,1788.0,8106.0,213.0,136.0,94.0,14.0,170.0,,3127.0,32.0,1397.0,219.0,12.0
2020-07-01,"Finance and insurance and Management of companies and enterprises [52, 55]",3473.0,4625.0,26139.0,1027.0,454.0,250.0,28.0,563.0,17.0,11043.0,126.0,4338.0,1023.0,39.0
2020-07-01,Food manufacturing [311],422.0,804.0,4630.0,193.0,136.0,69.0,,177.0,,1590.0,50.0,1291.0,126.0,
2020-07-01,"Forestry, fishing and hunting [11]",337.0,1605.0,4319.0,39.0,339.0,35.0,,163.0,,531.0,,1207.0,49.0,
2020-07-01,Health care and social assistance [62],11458.0,15126.0,93981.0,3197.0,2364.0,1390.0,49.0,2335.0,39.0,34290.0,330.0,20985.0,2529.0,116.0
2020-07-01,Information and cultural industries [51],822.0,1728.0,9275.0,294.0,132.0,78.0,15.0,196.0,,4027.0,33.0,2187.0,172.0,29.0
2020-07-01,Manufacturing [31-33],3869.0,5900.0,39644.0,1199.0,711.0,318.0,16.0,857.0,,15843.0,186.0,11129.0,867.0,26.0
2020-07-01,"Mining, quarrying, and oil and gas extraction [21]",3022.0,756.0,5262.0,83.0,45.0,70.0,,59.0,,430.0,,267.0,636.0,36.0
2020-07-01,Other services (except public administration) [81],8894.0,9550.0,64156.0,2274.0,1407.0,945.0,94.0,1723.0,28.0,21895.0,395.0,15923.0,2125.0,110.0
2020-07-01,"Professional, scientific and technical services [54]",17076.0,17663.0,108608.0,2201.0,1314.0,886.0,93.0,1774.0,23.0,47371.0,288.0,19172.0,2022.0,137.0
2020-07-01,Real estate and rental and leasing [53],4479.0,7118.0,35646.0,1108.0,601.0,440.0,43.0,781.0,18.0,13063.0,177.0,7205.0,923.0,53.0
2020-07-01,Retail trade [44-45],9283.0,11774.0,76679.0,2759.0,2035.0,1511.0,118.0,2218.0,44.0,27386.0,492.0,18834.0,2782.0,158.0
2020-07-01,Tourism industry,7753.0,11359.0,64485.0,2300.0,1314.0,979.0,120.0,1686.0,51.0,21725.0,339.0,15311.0,2141.0,180.0
2020-07-01,Transportation and warehousing [48-49],5893.0,5739.0,47266.0,2380.0,997.0,461.0,55.0,714.0,27.0,20332.0,138.0,9714.0,1326.0,49.0
2020-07-01,Utilities [22],156.0,99.0,672.0,,12.0,,,17.0,,271.0,,89.0,27.0,
2020-07-01,Wholesale trade [41],4225.0,6071.0,35810.0,1334.0,715.0,456.0,32.0,975.0,,15308.0,156.0,9044.0,1139.0,28.0
2020-08-01,Accommodation and food services [72],6626.0,9125.0,53909.0,1780.0,1100.0,776.0,82.0,1355.0,34.0,18685.0,261.0,12517.0,1870.0,127.0
2020-08-01,"Administrative and support, waste management and remediation services [56]",5071.0,6424.0,36583.0,1124.0,612.0,383.0,61.0,777.0,20.0,13995.0,129.0,7838.0,916.0,74.0
2020-08-01,"Arts, entertainment and recreation [71]",1275.0,2292.0,12176.0,439.0,247.0,198.0,15.0,324.0,,3916.0,79.0,3076.0,379.0,28.0
2020-08-01,Beverage and tobacco product manufacturing [312],119.0,426.0,1429.0,34.0,37.0,32.0,,75.0,,484.0,,236.0,37.0,
2020-08-01,Business sector industries [T004],110119.0,139326.0,838662.0,26788.0,16283.0,12104.0,907.0,18760.0,335.0,316905.0,3702.0,181071.0,23277.0,1281.0
2020-08-01,Construction [23],14951.0,19269.0,110191.0,3523.0,2158.0,1433.0,135.0,2713.0,47.0,36792.0,555.0,25772.0,3266.0,207.0
2020-08-01,Educational services [61],1062.0,1821.0,8423.0,224.0,139.0,101.0,14.0,170.0,,3288.0,31.0,1424.0,222.0,14.0
2020-08-01,"Finance and insurance and Management of companies and enterprises [52, 55]",3474.0,4643.0,26212.0,1024.0,452.0,247.0,30.0,563.0,18.0,11089.0,124.0,4370.0,1018.0,35.0
2020-08-01,Food manufacturing [311],421.0,811.0,4690.0,193.0,134.0,69.0,,180.0,,1613.0,51.0,1299.0,130.0,
2020-08-01,"Forestry, fishing and hunting [11]",335.0,1644.0,4379.0,38.0,339.0,35.0,,165.0,,544.0,,1219.0,48.0,
2020-08-01,Health care and social assistance [62],11588.0,15288.0,95080.0,3235.0,2367.0,1393.0,50.0,2353.0,43.0,34851.0,332.0,21143.0,2539.0,117.0
2020-08-01,Information and cultural industries [51],828.0,1780.0,9473.0,297.0,131.0,77.0,15.0,195.0,,4091.0,33.0,2231.0,175.0,29.0
2020-08-01,Manufacturing [31-33],3907.0,5992.0,39928.0,1198.0,708.0,317.0,16.0,867.0,,16047.0,184.0,11203.0,875.0,29.0
2020-08-01,"Mining, quarrying, and oil and gas extraction [21]",3005.0,777.0,5278.0,82.0,48.0,64.0,,54.0,,433.0,,271.0,653.0,36.0
2020-08-01,Other services (except public administration) [81],9071.0,9692.0,65583.0,2281.0,1424.0,965.0,96.0,1746.0,28.0,22385.0,398.0,16183.0,2160.0,112.0
2020-08-01,"Professional, scientific and technical services [54]",17154.0,17813.0,109706.0,2216.0,1322.0,885.0,93.0,1776.0,24.0,48038.0,294.0,19484.0,2025.0,134.0
2020-08-01,Real estate and rental and leasing [53],4509.0,7194.0,35966.0,1127.0,606.0,455.0,43.0,789.0,19.0,13274.0,177.0,7278.0,927.0,53.0
2020-08-01,Retail trade [44-45],9396.0,11967.0,77815.0,2786.0,2040.0,1513.0,117.0,2239.0,45.0,27891.0,493.0,19016.0,2812.0,159.0
2020-08-01,Tourism industry,7920.0,11584.0,66555.0,2347.0,1336.0,1022.0,121.0,1714.0,51.0,22713.0,346.0,15737.0,2206.0,187.0
2020-08-01,Transportation and warehousing [48-49],5967.0,5787.0,48096.0,2412.0,1006.0,472.0,58.0,720.0,28.0,20764.0,139.0,9961.0,1343.0,50.0
2020-08-01,Utilities [22],157.0,99.0,688.0,,12.0,,,17.0,,283.0,,87.0,26.0,
2020-08-01,Wholesale trade [41],4231.0,6082.0,36006.0,1343.0,713.0,456.0,32.0,982.0,,15458.0,154.0,9170.0,1137.0,29.0
2020-09-01,Accommodation and food services [72],6749.0,9295.0,56016.0,1810.0,1125.0,790.0,83.0,1391.0,34.0,19495.0,266.0,13278.0,1914.0,124.0
2020-09-01,"Administrative and support, waste management and remediation services [56]",5129.0,6509.0,37100.0,1120.0,609.0,389.0,63.0,776.0,21.0,14183.0,131.0,7937.0,936.0,73.0
2020-09-01,"Arts, entertainment and recreation [71]",1297.0,2355.0,12745.0,459.0,262.0,213.0,17.0,354.0,,4054.0,88.0,3289.0,395.0,29.0
2020-09-01,Beverage and tobacco product manufacturing [312],122.0,436.0,1451.0,35.0,38.0,31.0,,75.0,,487.0,,243.0,36.0,
2020-09-01,Business sector industries [T004],111695.0,141058.0,854580.0,27112.0,16556.0,12255.0,926.0,19052.0,335.0,323731.0,3752.0,185775.0,23561.0,1284.0
2020-09-01,Construction [23],15181.0,19505.0,112203.0,3555.0,2194.0,1455.0,137.0,2739.0,46.0,37465.0,563.0,26175.0,3294.0,211.0
2020-09-01,Educational services [61],1082.0,1858.0,8723.0,222.0,143.0,101.0,15.0,181.0,,3412.0,33.0,1506.0,235.0,15.0
2020-09-01,"Finance and insurance and Management of companies and enterprises [52, 55]",3496.0,4666.0,26392.0,1022.0,452.0,256.0,28.0,568.0,18.0,11171.0,128.0,4408.0,1023.0,34.0
2020-09-01,Food manufacturing [311],426.0,827.0,4761.0,196.0,138.0,71.0,,180.0,,1641.0,53.0,1312.0,134.0,
2020-09-01,"Forestry, fishing and hunting [11]",332.0,1636.0,4413.0,38.0,346.0,35.0,,165.0,,549.0,,1251.0,51.0,
2020-09-01,Health care and social assistance [62],11696.0,15426.0,96386.0,3261.0,2385.0,1414.0,50.0,2370.0,43.0,35386.0,335.0,21540.0,2566.0,117.0
2020-09-01,Information and cultural industries [51],838.0,1814.0,9666.0,297.0,131.0,76.0,16.0,196.0,,4169.0,33.0,2289.0,171.0,31.0
2020-09-01,Manufacturing [31-33],3925.0,6079.0,40315.0,1207.0,716.0,321.0,16.0,868.0,,16227.0,184.0,11418.0,876.0,30.0
2020-09-01,"Mining, quarrying, and oil and gas extraction [21]",3022.0,765.0,5299.0,82.0,47.0,65.0,,58.0,,434.0,,272.0,661.0,38.0
2020-09-01,Other services (except public administration) [81],9215.0,9817.0,66614.0,2307.0,1452.0,984.0,97.0,1749.0,29.0,22745.0,406.0,16580.0,2186.0,108.0
2020-09-01,"Professional, scientific and technical services [54]",17246.0,18001.0,110765.0,2230.0,1349.0,891.0,99.0,1788.0,24.0,48489.0,297.0,19882.0,2035.0,138.0
2020-09-01,Real estate and rental and leasing [53],4558.0,7286.0,36599.0,1140.0,611.0,449.0,46.0,792.0,18.0,13519.0,174.0,7409.0,930.0,52.0
2020-09-01,Retail trade [44-45],9531.0,12184.0,79636.0,2812.0,2058.0,1536.0,121.0,2257.0,46.0,28513.0,497.0,19484.0,2852.0,158.0
2020-09-01,Tourism industry,8059.0,11840.0,68772.0,2401.0,1359.0,1041.0,121.0,1756.0,51.0,23528.0,355.0,16590.0,2261.0,182.0
2020-09-01,Transportation and warehousing [48-49],6009.0,5834.0,48491.0,2441.0,1014.0,462.0,59.0,726.0,27.0,21072.0,141.0,10185.0,1337.0,51.0
2020-09-01,Utilities [22],161.0,97.0,695.0,,11.0,,,17.0,,291.0,,89.0,25.0,
2020-09-01,Wholesale trade [41],4232.0,6122.0,36526.0,1346.0,716.0,458.0,31.0,986.0,,15640.0,154.0,9330.0,1152.0,28.0
2020-10-01,Accommodation and food services [72],6861.0,9440.0,57128.0,1851.0,1146.0,830.0,83.0,1420.0,35.0,19982.0,276.0,13430.0,1923.0,126.0
2020-10-01,"Administrative and support, waste management and remediation services [56]",5170.0,6611.0,37587.0,1134.0,608.0,398.0,63.0,782.0,21.0,14376.0,136.0,8038.0,949.0,76.0
2020-10-01,"Arts, entertainment and recreation [71]",1321.0,2393.0,13104.0,473.0,292.0,212.0,16.0,376.0,,4160.0,91.0,3381.0,409.0,31.0
2020-10-01,Beverage and tobacco product manufacturing [312],126.0,434.0,1463.0,35.0,39.0,33.0,,75.0,,491.0,,247.0,39.0,
2020-10-01,Business sector industries [T004],112711.0,142835.0,857217.0,27359.0,16715.0,12474.0,920.0,19259.0,339.0,323862.0,3810.0,188320.0,23763.0,1295.0
2020-10-01,Construction [23],15291.0,19822.0,113651.0,3593.0,2211.0,1481.0,134.0,2758.0,46.0,38081.0,569.0,26481.0,3333.0,213.0
2020-10-01,Educational services [61],1102.0,1885.0,8925.0,224.0,144.0,99.0,13.0,181.0,,3514.0,35.0,1527.0,236.0,14.0
2020-10-01,"Finance and insurance and Management of companies and enterprises [52, 55]",3511.0,4685.0,26515.0,1030.0,456.0,252.0,28.0,573.0,17.0,11249.0,127.0,4448.0,1020.0,33.0
2020-10-01,Food manufacturing [311],433.0,837.0,4824.0,191.0,141.0,71.0,,180.0,,1662.0,55.0,1323.0,131.0,
2020-10-01,"Forestry, fishing and hunting [11]",345.0,1648.0,4454.0,40.0,349.0,34.0,,169.0,,552.0,,1254.0,50.0,
2020-10-01,Health care and social assistance [62],11785.0,15617.0,97256.0,3290.0,2397.0,1418.0,49.0,2374.0,43.0,35802.0,337.0,21690.0,2591.0,117.0
2020-10-01,Information and cultural industries [51],844.0,1860.0,9818.0,296.0,130.0,78.0,16.0,196.0,,4228.0,34.0,2308.0,177.0,32.0
2020-10-01,Manufacturing [31-33],3955.0,6128.0,40761.0,1214.0,724.0,323.0,16.0,879.0,,16416.0,185.0,11534.0,880.0,29.0
2020-10-01,"Mining, quarrying, and oil and gas extraction [21]",3035.0,761.0,5317.0,84.0,49.0,67.0,,57.0,,433.0,,275.0,656.0,41.0
2020-10-01,Other services (except public administration) [81],9333.0,9937.0,67517.0,2339.0,1469.0,1000.0,96.0,1762.0,28.0,23186.0,409.0,16784.0,2203.0,109.0
2020-10-01,"Professional, scientific and technical services [54]",17428.0,18204.0,111943.0,2254.0,1354.0,895.0,99.0,1804.0,25.0,48984.0,305.0,20162.0,2038.0,139.0
2020-10-01,Real estate and rental and leasing [53],4648.0,7366.0,36763.0,1148.0,615.0,461.0,45.0,810.0,19.0,13665.0,177.0,7502.0,938.0,54.0
2020-10-01,Retail trade [44-45],9614.0,12352.0,81007.0,2840.0,2083.0,1555.0,121.0,2276.0,46.0,28934.0,500.0,19759.0,2869.0,156.0
2020-10-01,Tourism industry,8169.0,12039.0,70176.0,2446.0,1389.0,1086.0,124.0,1796.0,53.0,24072.0,371.0,16839.0,2296.0,187.0
2020-10-01,Transportation and warehousing [48-49],6067.0,5870.0,49008.0,2449.0,1028.0,468.0,59.0,724.0,27.0,21338.0,141.0,10362.0,1343.0,51.0
2020-10-01,Utilities [22],160.0,92.0,689.0,,12.0,,,17.0,,290.0,,89.0,25.0,
2020-10-01,Wholesale trade [41],4243.0,6161.0,36746.0,1353.0,717.0,459.0,32.0,991.0,,15786.0,155.0,9370.0,1148.0,28.0
2020-11-01,Accommodation and food services [72],6954.0,9542.0,57585.0,1844.0,1165.0,837.0,83.0,1487.0,35.0,20273.0,295.0,13328.0,1936.0,130.0
2020-11-01,"Administrative and support, waste management and remediation services [56]",5179.0,6693.0,37913.0,1127.0,616.0,387.0,65.0,788.0,19.0,14492.0,130.0,8104.0,962.0,76.0
2020-11-01,"Arts, entertainment and recreation [71]",1348.0,2428.0,13354.0,462.0,283.0,210.0,15.0,389.0,,4271.0,94.0,3398.0,415.0,31.0
2020-11-01,Beverage and tobacco product manufacturing [312],124.0,439.0,1467.0,34.0,39.0,30.0,,76.0,,488.0,,247.0,40.0,
2020-11-01,Business sector industries [T004],113048.0,143247.0,859426.0,27338.0,16787.0,12335.0,917.0,19372.0,338.0,325095.0,3846.0,188938.0,23795.0,1304.0
2020-11-01,Construction [23],15375.0,19924.0,114524.0,3605.0,2225.0,1484.0,132.0,2759.0,45.0,38584.0,573.0,26741.0,3339.0,211.0
2020-11-01,Educational services [61],1108.0,1898.0,9061.0,226.0,144.0,99.0,15.0,183.0,,3576.0,35.0,1520.0,238.0,14.0
2020-11-01,"Finance and insurance and Management of companies and enterprises [52, 55]",3513.0,4719.0,26640.0,1034.0,461.0,251.0,28.0,570.0,18.0,11284.0,127.0,4472.0,1021.0,35.0
2020-11-01,Food manufacturing [311],432.0,846.0,4854.0,194.0,140.0,75.0,,181.0,,1681.0,55.0,1327.0,127.0,
2020-11-01,"Forestry, fishing and hunting [11]",339.0,1674.0,4482.0,38.0,345.0,34.0,,169.0,,549.0,,1255.0,51.0,
2020-11-01,Health care and social assistance [62],11861.0,15716.0,97855.0,3304.0,2393.0,1442.0,48.0,2378.0,44.0,36063.0,337.0,21722.0,2602.0,118.0
2020-11-01,Information and cultural industries [51],849.0,1889.0,9980.0,298.0,134.0,78.0,16.0,198.0,,4307.0,35.0,2328.0,183.0,31.0
2020-11-01,Manufacturing [31-33],3941.0,6163.0,40657.0,1216.0,729.0,326.0,16.0,877.0,,16447.0,185.0,11564.0,870.0,30.0
2020-11-01,"Mining, quarrying, and oil and gas extraction [21]",3054.0,784.0,5354.0,84.0,49.0,67.0,,60.0,,434.0,,277.0,635.0,39.0
2020-11-01,Other services (except public administration) [81],9388.0,10005.0,67969.0,2295.0,1475.0,994.0,92.0,1768.0,27.0,23141.0,413.0,16872.0,2207.0,109.0
2020-11-01,"Professional, scientific and technical services [54]",17485.0,18392.0,113006.0,2265.0,1368.0,896.0,103.0,1817.0,25.0,49582.0,306.0,20435.0,2044.0,139.0
2020-11-01,Real estate and rental and leasing [53],4628.0,7392.0,36982.0,1138.0,621.0,465.0,45.0,818.0,20.0,13804.0,178.0,7460.0,939.0,53.0
2020-11-01,Retail trade [44-45],9621.0,12412.0,81887.0,2830.0,2088.0,1542.0,124.0,2270.0,46.0,28931.0,508.0,19899.0,2892.0,158.0
2020-11-01,Tourism industry,8297.0,12189.0,71149.0,2435.0,1411.0,1100.0,123.0,1853.0,53.0,24481.0,389.0,16944.0,2307.0,191.0
2020-11-01,Transportation and warehousing [48-49],6070.0,5895.0,49070.0,2466.0,1021.0,467.0,62.0,733.0,27.0,21450.0,141.0,10419.0,1353.0,53.0
2020-11-01,Utilities [22],156.0,99.0,691.0,,11.0,,,17.0,,291.0,,90.0,24.0,
2020-11-01,Wholesale trade [41],4242.0,6177.0,36854.0,1339.0,717.0,460.0,32.0,993.0,,15874.0,152.0,9403.0,1146.0,28.0
2020-12-01,Accommodation and food services [72],6995.0,9632.0,57798.0,1843.0,1163.0,846.0,85.0,1514.0,33.0,20503.0,293.0,13008.0,1963.0,131.0
2020-12-01,"Administrative and support, waste management and remediation services [56]",5251.0,6775.0,38424.0,1141.0,618.0,390.0,65.0,797.0,19.0,14672.0,126.0,8186.0,979.0,76.0
2020-12-01,"Arts, entertainment and recreation [71]",1364.0,2490.0,13433.0,461.0,273.0,216.0,15.0,395.0,,4300.0,93.0,3410.0,423.0,30.0
2020-12-01,Beverage and tobacco product manufacturing [312],125.0,449.0,1481.0,34.0,40.0,30.0,,77.0,,493.0,,247.0,39.0,
2020-12-01,Business sector industries [T004],114672.0,146327.0,868366.0,27470.0,16878.0,12481.0,921.0,19814.0,333.0,328716.0,3898.0,190692.0,24185.0,1315.0
2020-12-01,Construction [23],15554.0,20314.0,116313.0,3636.0,2250.0,1505.0,133.0,2807.0,45.0,39170.0,586.0,26983.0,3394.0,217.0
2020-12-01,Educational services [61],1128.0,1916.0,9184.0,233.0,145.0,101.0,15.0,189.0,,3628.0,37.0,1523.0,239.0,13.0
2020-12-01,"Finance and insurance and Management of companies and enterprises [52, 55]",3522.0,4726.0,26732.0,1032.0,462.0,251.0,28.0,577.0,16.0,11333.0,126.0,4490.0,1026.0,35.0
2020-12-01,Food manufacturing [311],447.0,852.0,4911.0,193.0,141.0,73.0,,185.0,,1706.0,56.0,1341.0,129.0,
2020-12-01,"Forestry, fishing and hunting [11]",341.0,1683.0,4508.0,40.0,349.0,34.0,,171.0,,558.0,,1256.0,56.0,
2020-12-01,Health care and social assistance [62],11945.0,15808.0,98463.0,3309.0,2409.0,1437.0,48.0,2407.0,43.0,36310.0,341.0,21850.0,2620.0,119.0
2020-12-01,Information and cultural industries [51],856.0,1922.0,10107.0,298.0,128.0,80.0,16.0,198.0,,4352.0,36.0,2349.0,186.0,31.0
2020-12-01,Manufacturing [31-33],3989.0,6214.0,40848.0,1218.0,736.0,327.0,16.0,891.0,,16559.0,189.0,11615.0,889.0,28.0
2020-12-01,"Mining, quarrying, and oil and gas extraction [21]",3069.0,789.0,5367.0,86.0,49.0,66.0,,56.0,,436.0,,278.0,652.0,39.0
2020-12-01,Other services (except public administration) [81],9427.0,10120.0,68349.0,2231.0,1485.0,1002.0,97.0,1778.0,27.0,23081.0,416.0,16951.0,2281.0,110.0
2020-12-01,"Professional, scientific and technical services [54]",17615.0,18586.0,114102.0,2279.0,1383.0,908.0,101.0,1817.0,25.0,50061.0,312.0,20755.0,2064.0,139.0
2020-12-01,Real estate and rental and leasing [53],4672.0,7513.0,37315.0,1141.0,629.0,469.0,43.0,822.0,20.0,13975.0,182.0,7532.0,943.0,53.0
2020-12-01,Retail trade [44-45],9781.0,12589.0,82660.0,2823.0,2090.0,1581.0,128.0,2303.0,46.0,29168.0,505.0,20094.0,2931.0,158.0
2020-12-01,Tourism industry,8301.0,12330.0,71414.0,2420.0,1400.0,1120.0,125.0,1873.0,52.0,24710.0,391.0,16547.0,2358.0,193.0
2020-12-01,Transportation and warehousing [48-49],6172.0,6043.0,49777.0,2484.0,1018.0,470.0,62.0,742.0,27.0,21857.0,141.0,10511.0,1361.0,57.0
2020-12-01,Utilities [22],161.0,102.0,699.0,,12.0,,,17.0,,291.0,,90.0,24.0,
2020-12-01,Wholesale trade [41],4257.0,6205.0,37116.0,1338.0,718.0,462.0,31.0,1001.0,,15986.0,154.0,9480.0,1149.0,29.0
2021-01-01,Accommodation and food services [72],7063.0,9729.0,58173.0,1842.0,1183.0,863.0,89.0,1521.0,34.0,20680.0,296.0,12877.0,1990.0,133.0
2021-01-01,"Administrative and support, waste management and remediation services [56]",5282.0,6859.0,38819.0,1149.0,621.0,392.0,65.0,807.0,19.0,14979.0,131.0,8222.0,993.0,77.0
2021-01-01,"Arts, entertainment and recreation [71]",1310.0,2495.0,13433.0,449.0,275.0,216.0,16.0,385.0,,4317.0,94.0,3413.0,432.0,30.0
2021-01-01,Beverage and tobacco product manufacturing [312],127.0,450.0,1493.0,34.0,41.0,30.0,,78.0,,499.0,,250.0,39.0,
2021-01-01,Business sector industries [T004],116111.0,148980.0,873884.0,27568.0,17009.0,12562.0,937.0,19950.0,334.0,330399.0,3936.0,191314.0,24501.0,1323.0
2021-01-01,Construction [23],15720.0,20763.0,118177.0,3678.0,2267.0,1543.0,134.0,2858.0,45.0,39763.0,601.0,27440.0,3420.0,219.0
2021-01-01,Educational services [61],1145.0,1938.0,9299.0,227.0,147.0,99.0,15.0,190.0,,3672.0,38.0,1524.0,243.0,14.0
2021-01-01,"Finance and insurance and Management of companies and enterprises [52, 55]",3544.0,4757.0,26900.0,1035.0,463.0,257.0,28.0,575.0,13.0,11383.0,123.0,4516.0,1049.0,36.0
2021-01-01,Food manufacturing [311],442.0,856.0,4960.0,193.0,141.0,73.0,,185.0,,1726.0,58.0,1348.0,131.0,
2021-01-01,"Forestry, fishing and hunting [11]",341.0,1720.0,4550.0,45.0,354.0,34.0,,173.0,,562.0,,1247.0,51.0,
2021-01-01,Health care and social assistance [62],12028.0,15954.0,98949.0,3314.0,2417.0,1432.0,51.0,2395.0,43.0,36532.0,336.0,21890.0,2642.0,119.0
2021-01-01,Information and cultural industries [51],858.0,1941.0,10203.0,295.0,128.0,79.0,17.0,197.0,,4390.0,36.0,2374.0,186.0,31.0
2021-01-01,Manufacturing [31-33],4015.0,6295.0,41193.0,1216.0,739.0,330.0,17.0,902.0,,16710.0,191.0,11641.0,890.0,28.0
2021-01-01,"Mining, quarrying, and oil and gas extraction [21]",3078.0,800.0,5408.0,87.0,49.0,64.0,,55.0,,439.0,,282.0,662.0,36.0
2021-01-01,Other services (except public administration) [81],9488.0,10256.0,67323.0,2115.0,1487.0,995.0,99.0,1788.0,27.0,21943.0,417.0,16558.0,2304.0,111.0
2021-01-01,"Professional, scientific and technical services [54]",18034.0,18850.0,115637.0,2307.0,1386.0,911.0,104.0,1824.0,27.0,50881.0,316.0,20890.0,2068.0,141.0
2021-01-01,Real estate and rental and leasing [53],4708.0,7620.0,37589.0,1145.0,638.0,469.0,47.0,833.0,20.0,14097.0,184.0,7555.0,945.0,54.0
2021-01-01,Retail trade [44-45],9868.0,12764.0,83057.0,2836.0,2106.0,1586.0,129.0,2315.0,47.0,29334.0,509.0,19893.0,2958.0,159.0
2021-01-01,Tourism industry,8356.0,12534.0,71833.0,2437.0,1428.0,1129.0,132.0,1870.0,51.0,24915.0,392.0,16499.0,2390.0,195.0
2021-01-01,Transportation and warehousing [48-49],6335.0,6109.0,50782.0,2515.0,1039.0,470.0,60.0,740.0,28.0,22870.0,141.0,10576.0,1379.0,55.0
2021-01-01,Utilities [22],158.0,103.0,697.0,,12.0,,,19.0,,287.0,,88.0,25.0,
2021-01-01,Wholesale trade [41],4278.0,6248.0,37246.0,1337.0,719.0,464.0,30.0,999.0,,16047.0,157.0,9491.0,1157.0,28.0
2021-02-01,Accommodation and food services [72],7115.0,9839.0,58606.0,1882.0,1197.0,852.0,88.0,1533.0,33.0,20875.0,296.0,12847.0,2020.0,132.0
2021-02-01,"Administrative and support, waste management and remediation services [56]",5307.0,6896.0,38927.0,1144.0,625.0,391.0,66.0,809.0,19.0,14930.0,131.0,8253.0,996.0,77.0
2021-02-01,"Arts, entertainment and recreation [71]",1306.0,2510.0,13435.0,457.0,271.0,218.0,17.0,385.0,,4317.0,95.0,3394.0,432.0,30.0
2021-02-01,Beverage and tobacco product manufacturing [312],126.0,454.0,1509.0,34.0,40.0,28.0,,82.0,,503.0,,249.0,42.0,
2021-02-01,Business sector industries [T004],116170.0,149528.0,879345.0,27718.0,17017.0,12526.0,940.0,19992.0,332.0,332492.0,3956.0,191959.0,24587.0,1331.0
2021-02-01,Construction [23],15846.0,20889.0,118390.0,3703.0,2281.0,1509.0,136.0,2880.0,44.0,39875.0,593.0,27319.0,3462.0,219.0
2021-02-01,Educational services [61],1151.0,1958.0,9368.0,229.0,146.0,98.0,15.0,192.0,,3700.0,38.0,1540.0,247.0,14.0
2021-02-01,"Finance and insurance and Management of companies and enterprises [52, 55]",3539.0,4783.0,26978.0,1033.0,464.0,259.0,29.0,578.0,14.0,11440.0,123.0,4494.0,1039.0,33.0
2021-02-01,Food manufacturing [311],447.0,863.0,4992.0,190.0,141.0,74.0,,187.0,,1739.0,58.0,1357.0,132.0,
2021-02-01,"Forestry, fishing and hunting [11]",341.0,1716.0,4548.0,44.0,350.0,32.0,,172.0,,563.0,,1266.0,50.0,
2021-02-01,Health care and social assistance [62],12057.0,15959.0,99174.0,3292.0,2411.0,1425.0,49.0,2391.0,43.0,36599.0,342.0,21926.0,2659.0,122.0
2021-02-01,Information and cultural industries [51],858.0,1966.0,10233.0,293.0,127.0,78.0,17.0,197.0,,4416.0,34.0,2393.0,187.0,32.0
2021-02-01,Manufacturing [31-33],4034.0,6319.0,41394.0,1216.0,746.0,329.0,17.0,911.0,,16778.0,194.0,11657.0,896.0,31.0
2021-02-01,"Mining, quarrying, and oil and gas extraction [21]",3085.0,809.0,5425.0,88.0,49.0,63.0,,51.0,,444.0,,285.0,661.0,38.0
2021-02-01,Other services (except public administration) [81],9660.0,10287.0,68656.0,2292.0,1486.0,1006.0,100.0,1807.0,27.0,21898.0,421.0,16986.0,2300.0,111.0
2021-02-01,"Professional, scientific and technical services [54]",17862.0,18849.0,115936.0,2315.0,1396.0,925.0,102.0,1840.0,27.0,50963.0,317.0,20966.0,2083.0,143.0
2021-02-01,Real estate and rental and leasing [53],4733.0,7694.0,37996.0,1151.0,652.0,470.0,48.0,835.0,21.0,14220.0,186.0,7633.0,953.0,55.0
2021-02-01,Retail trade [44-45],9922.0,12862.0,83446.0,2869.0,2113.0,1595.0,127.0,2327.0,48.0,29518.0,516.0,20094.0,2983.0,159.0
2021-02-01,Tourism industry,8397.0,12505.0,72191.0,2485.0,1445.0,1133.0,133.0,1884.0,50.0,25073.0,394.0,16597.0,2433.0,193.0
2021-02-01,Transportation and warehousing [48-49],6266.0,6166.0,50555.0,2514.0,1041.0,477.0,59.0,743.0,28.0,22190.0,142.0,10589.0,1381.0,55.0
2021-02-01,Utilities [22],157.0,104.0,703.0,,12.0,,,18.0,,294.0,,88.0,25.0,
2021-02-01,Wholesale trade [41],4278.0,6260.0,37308.0,1343.0,719.0,462.0,30.0,1004.0,,16061.0,159.0,9512.0,1161.0,28.0
2021-03-01,Accommodation and food services [72],7155.0,9907.0,58869.0,1908.0,1212.0,840.0,93.0,1548.0,33.0,21075.0,299.0,12819.0,2037.0,130.0
2021-03-01,"Administrative and support, waste management and remediation services [56]",5348.0,6944.0,39150.0,1160.0,638.0,402.0,68.0,810.0,19.0,14998.0,134.0,8391.0,1005.0,79.0
2021-03-01,"Arts, entertainment and recreation [71]",1315.0,2542.0,13450.0,469.0,269.0,218.0,18.0,388.0,,4361.0,97.0,3340.0,436.0,28.0
2021-03-01,Beverage and tobacco product manufacturing [312],126.0,462.0,1528.0,35.0,43.0,28.0,,80.0,,510.0,,251.0,43.0,
2021-03-01,Business sector industries [T004],116543.0,150139.0,889717.0,27807.0,17058.0,12511.0,950.0,20110.0,335.0,336730.0,3964.0,192464.0,24654.0,1338.0
2021-03-01,Construction [23],15980.0,21039.0,119050.0,3745.0,2324.0,1527.0,140.0,2954.0,45.0,40104.0,594.0,27449.0,3505.0,220.0
2021-03-01,Educational services [61],1172.0,1988.0,9411.0,235.0,148.0,100.0,16.0,195.0,,3723.0,39.0,1537.0,252.0,15.0
2021-03-01,"Finance and insurance and Management of companies and enterprises [52, 55]",3554.0,4840.0,27119.0,1032.0,466.0,260.0,29.0,579.0,15.0,11498.0,121.0,4575.0,1038.0,35.0
2021-03-01,Food manufacturing [311],451.0,872.0,5037.0,192.0,141.0,76.0,,189.0,,1766.0,59.0,1360.0,135.0,
2021-03-01,"Forestry, fishing and hunting [11]",345.0,1721.0,4572.0,39.0,355.0,32.0,,174.0,,568.0,,1279.0,48.0,
2021-03-01,Health care and social assistance [62],12106.0,15997.0,99346.0,3303.0,2424.0,1424.0,50.0,2399.0,45.0,36662.0,346.0,22045.0,2686.0,123.0
2021-03-01,Information and cultural industries [51],847.0,2011.0,10322.0,302.0,128.0,78.0,17.0,202.0,,4448.0,36.0,2424.0,186.0,31.0
2021-03-01,Manufacturing [31-33],4042.0,6347.0,41797.0,1222.0,758.0,330.0,17.0,916.0,,16890.0,200.0,11681.0,906.0,32.0
2021-03-01,"Mining, quarrying, and oil and gas extraction [21]",3092.0,836.0,5473.0,89.0,48.0,65.0,,54.0,,444.0,,290.0,665.0,41.0
2021-03-01,Other services (except public administration) [81],9694.0,10337.0,68996.0,2339.0,1488.0,1011.0,101.0,1824.0,27.0,22431.0,421.0,17004.0,2307.0,112.0
2021-03-01,"Professional, scientific and technical services [54]",17986.0,19028.0,117064.0,2334.0,1401.0,939.0,106.0,1853.0,27.0,51400.0,322.0,21073.0,2112.0,145.0
2021-03-01,Real estate and rental and leasing [53],4772.0,7784.0,38359.0,1162.0,644.0,478.0,46.0,845.0,19.0,14306.0,186.0,7771.0,957.0,55.0
2021-03-01,Retail trade [44-45],9959.0,12938.0,83779.0,2888.0,2133.0,1600.0,129.0,2352.0,49.0,29937.0,525.0,20135.0,3032.0,158.0
2021-03-01,Tourism industry,8432.0,12539.0,72383.0,2509.0,1455.0,1127.0,136.0,1893.0,50.0,25276.0,395.0,16295.0,2435.0,193.0
2021-03-01,Transportation and warehousing [48-49],6229.0,6170.0,50669.0,2536.0,1045.0,480.0,61.0,746.0,28.0,21884.0,142.0,10586.0,1389.0,54.0
2021-03-01,Utilities [22],162.0,106.0,712.0,,12.0,,,17.0,,301.0,,88.0,24.0,
2021-03-01,Wholesale trade [41],4312.0,6375.0,37426.0,1341.0,720.0,464.0,30.0,1002.0,,16107.0,160.0,9538.0,1166.0,28.0
2021-04-01,Accommodation and food services [72],7159.0,9837.0,58973.0,1919.0,1201.0,839.0,90.0,1541.0,33.0,21098.0,300.0,12837.0,2042.0,136.0
2021-04-01,"Administrative and support, waste management and remediation services [56]",5381.0,6953.0,39380.0,1183.0,657.0,406.0,68.0,818.0,19.0,15085.0,135.0,8466.0,998.0,77.0
2021-04-01,"Arts, entertainment and recreation [71]",1310.0,2589.0,13496.0,471.0,270.0,226.0,18.0,391.0,,4371.0,98.0,3408.0,434.0,29.0
2021-04-01,Beverage and tobacco product manufacturing [312],128.0,470.0,1550.0,34.0,45.0,28.0,,80.0,,509.0,,254.0,44.0,
2021-04-01,Business sector industries [T004],116641.0,150328.0,898865.0,27888.0,17020.0,12491.0,962.0,20092.0,332.0,340707.0,3964.0,193036.0,24672.0,1346.0
2021-04-01,Construction [23],16074.0,21049.0,119324.0,3732.0,2292.0,1533.0,137.0,2936.0,45.0,40210.0,595.0,27691.0,3570.0,218.0
2021-04-01,Educational services [61],1182.0,2034.0,9463.0,242.0,148.0,101.0,16.0,200.0,,3729.0,39.0,1603.0,255.0,14.0
2021-04-01,"Finance and insurance and Management of companies and enterprises [52, 55]",3549.0,4880.0,27301.0,1033.0,466.0,260.0,30.0,592.0,15.0,11551.0,121.0,4612.0,1043.0,34.0
2021-04-01,Food manufacturing [311],452.0,877.0,5055.0,192.0,141.0,78.0,,190.0,,1774.0,60.0,1363.0,137.0,
2021-04-01,"Forestry, fishing and hunting [11]",354.0,1735.0,4591.0,37.0,355.0,30.0,,176.0,,568.0,,1305.0,51.0,
2021-04-01,Health care and social assistance [62],12151.0,16036.0,99528.0,3306.0,2419.0,1416.0,51.0,2388.0,45.0,36698.0,344.0,22105.0,2672.0,124.0
2021-04-01,Information and cultural industries [51],861.0,2030.0,10378.0,301.0,123.0,79.0,16.0,204.0,,4465.0,33.0,2481.0,189.0,31.0
2021-04-01,Manufacturing [31-33],4040.0,6335.0,42101.0,1227.0,758.0,332.0,17.0,914.0,,16880.0,201.0,11708.0,909.0,30.0
2021-04-01,"Mining, quarrying, and oil and gas extraction [21]",3138.0,826.0,5523.0,90.0,49.0,61.0,,53.0,,449.0,,286.0,667.0,39.0
2021-04-01,Other services (except public administration) [81],9606.0,10311.0,69082.0,2363.0,1484.0,1006.0,100.0,1837.0,27.0,22119.0,419.0,17025.0,2318.0,111.0
2021-04-01,"Professional, scientific and technical services [54]",18135.0,19176.0,118009.0,2341.0,1411.0,941.0,108.0,1878.0,24.0,51832.0,324.0,21178.0,2131.0,144.0
2021-04-01,Real estate and rental and leasing [53],4776.0,7864.0,38783.0,1167.0,641.0,483.0,47.0,843.0,19.0,14350.0,194.0,7924.0,959.0,55.0
2021-04-01,Retail trade [44-45],9982.0,12940.0,83842.0,2884.0,2117.0,1597.0,129.0,2340.0,48.0,30235.0,534.0,20178.0,3026.0,158.0
2021-04-01,Tourism industry,8416.0,12551.0,72455.0,2514.0,1463.0,1130.0,138.0,1896.0,50.0,25287.0,400.0,16477.0,2435.0,194.0
2021-04-01,Transportation and warehousing [48-49],6310.0,6184.0,51174.0,2562.0,1052.0,480.0,61.0,750.0,29.0,22059.0,142.0,10634.0,1396.0,53.0
2021-04-01,Utilities [22],158.0,107.0,712.0,,13.0,,,18.0,,299.0,,89.0,25.0,
2021-04-01,Wholesale trade [41],4308.0,6403.0,37428.0,1345.0,722.0,462.0,30.0,998.0,,16106.0,161.0,9541.0,1173.0,28.0
2021-05-01,Accommodation and food services [72],7161.0,9794.0,58637.0,1930.0,1183.0,841.0,91.0,1444.0,33.0,20993.0,295.0,12843.0,2052.0,130.0
2021-05-01,"Administrative and support, waste management and remediation services [56]",5382.0,6975.0,39458.0,1184.0,644.0,409.0,69.0,815.0,18.0,15138.0,134.0,8465.0,1002.0,76.0
2021-05-01,"Arts, entertainment and recreation [71]",1278.0,2602.0,13411.0,476.0,268.0,225.0,18.0,377.0,,4322.0,99.0,3401.0,428.0,28.0
2021-05-01,Beverage and tobacco product manufacturing [312],130.0,473.0,1561.0,34.0,46.0,28.0,,81.0,,511.0,,254.0,41.0,
2021-05-01,Business sector industries [T004],116786.0,150523.0,903434.0,27951.0,16979.0,12494.0,956.0,19662.0,328.0,342835.0,3937.0,193338.0,24674.0,1346.0
2021-05-01,Construction [23],16097.0,21123.0,118803.0,3742.0,2294.0,1538.0,138.0,2875.0,43.0,40289.0,597.0,27571.0,3549.0,219.0
2021-05-01,Educational services [61],1186.0,2058.0,9497.0,244.0,150.0,101.0,16.0,200.0,,3749.0,39.0,1623.0,256.0,15.0
2021-05-01,"Finance and insurance and Management of companies and enterprises [52, 55]",3560.0,4898.0,27424.0,1035.0,462.0,264.0,30.0,593.0,15.0,11610.0,120.0,4633.0,1048.0,32.0
2021-05-01,Food manufacturing [311],453.0,881.0,5062.0,190.0,141.0,76.0,,187.0,,1777.0,62.0,1369.0,141.0,
2021-05-01,"Forestry, fishing and hunting [11]",343.0,1725.0,4608.0,37.0,364.0,34.0,,171.0,,578.0,,1322.0,50.0,
2021-05-01,Health care and social assistance [62],12144.0,16059.0,99679.0,3331.0,2414.0,1426.0,50.0,2386.0,44.0,36764.0,344.0,22169.0,2676.0,125.0
2021-05-01,Information and cultural industries [51],863.0,2044.0,10463.0,304.0,123.0,81.0,16.0,205.0,,4495.0,35.0,2491.0,194.0,31.0
2021-05-01,Manufacturing [31-33],4044.0,6316.0,42219.0,1225.0,758.0,332.0,17.0,909.0,,16839.0,202.0,11687.0,913.0,31.0
2021-05-01,"Mining, quarrying, and oil and gas extraction [21]",3150.0,828.0,5552.0,90.0,48.0,63.0,,53.0,,448.0,,286.0,679.0,41.0
2021-05-01,Other services (except public administration) [81],9604.0,10341.0,68553.0,2375.0,1481.0,1008.0,98.0,1824.0,27.0,21645.0,422.0,16912.0,2326.0,111.0
2021-05-01,"Professional, scientific and technical services [54]",18196.0,19271.0,118713.0,2355.0,1409.0,944.0,104.0,1867.0,24.0,52224.0,321.0,21266.0,2148.0,144.0
2021-05-01,Real estate and rental and leasing [53],4795.0,7919.0,38916.0,1166.0,646.0,487.0,47.0,840.0,18.0,14387.0,190.0,7953.0,961.0,56.0
2021-05-01,Retail trade [44-45],9992.0,12925.0,83873.0,2887.0,2119.0,1598.0,129.0,2316.0,47.0,30375.0,524.0,20179.0,3036.0,159.0
2021-05-01,Tourism industry,8374.0,12501.0,72037.0,2525.0,1440.0,1130.0,138.0,1865.0,51.0,25124.0,393.0,16492.0,2430.0,188.0
2021-05-01,Transportation and warehousing [48-49],6324.0,6181.0,51530.0,2583.0,1054.0,477.0,58.0,750.0,29.0,22225.0,143.0,10627.0,1402.0,55.0
2021-05-01,Utilities [22],161.0,107.0,713.0,,13.0,,,18.0,,298.0,,87.0,25.0,
2021-05-01,Wholesale trade [41],4312.0,6416.0,37462.0,1349.0,720.0,461.0,29.0,999.0,,16112.0,160.0,9579.0,1172.0,27.0
2021-06-01,Accommodation and food services [72],7184.0,9870.0,59293.0,1915.0,1193.0,832.0,93.0,1461.0,33.0,21042.0,290.0,13607.0,2049.0,130.0
2021-06-01,"Administrative and support, waste management and remediation services [56]",5386.0,6976.0,39493.0,1185.0,640.0,413.0,68.0,819.0,19.0,15151.0,135.0,8482.0,1005.0,76.0
2021-06-01,"Arts, entertainment and recreation [71]",1343.0,2614.0,13319.0,474.0,262.0,224.0,16.0,361.0,,4188.0,96.0,3418.0,436.0,29.0
2021-06-01,Beverage and tobacco product manufacturing [312],141.0,465.0,1581.0,34.0,47.0,29.0,,81.0,,520.0,,263.0,46.0,
2021-06-01,Business sector industries [T004],117075.0,151194.0,907319.0,27945.0,16979.0,12475.0,957.0,19645.0,331.0,344802.0,3926.0,193791.0,24686.0,1358.0
2021-06-01,Construction [23],16100.0,21221.0,119659.0,3749.0,2273.0,1500.0,134.0,2861.0,44.0,40425.0,601.0,27621.0,3536.0,221.0
2021-06-01,Educational services [61],1195.0,2081.0,9499.0,246.0,149.0,104.0,15.0,202.0,,3706.0,39.0,1643.0,256.0,15.0
2021-06-01,"Finance and insurance and Management of companies and enterprises [52, 55]",3550.0,4900.0,27409.0,1014.0,455.0,265.0,30.0,586.0,17.0,11611.0,124.0,4659.0,1047.0,34.0
2021-06-01,Food manufacturing [311],461.0,886.0,5080.0,191.0,141.0,77.0,,188.0,,1784.0,61.0,1374.0,140.0,
2021-06-01,"Forestry, fishing and hunting [11]",333.0,1725.0,4584.0,40.0,349.0,30.0,,176.0,,556.0,,1323.0,50.0,
2021-06-01,Health care and social assistance [62],12095.0,16086.0,99586.0,3303.0,2418.0,1430.0,52.0,2388.0,45.0,36685.0,342.0,22173.0,2684.0,126.0
2021-06-01,Information and cultural industries [51],866.0,2061.0,10491.0,307.0,123.0,82.0,17.0,206.0,,4497.0,34.0,2501.0,188.0,32.0
2021-06-01,Manufacturing [31-33],4087.0,6361.0,42365.0,1231.0,756.0,333.0,16.0,903.0,,16934.0,198.0,11744.0,912.0,32.0
2021-06-01,"Mining, quarrying, and oil and gas extraction [21]",3144.0,830.0,5554.0,91.0,48.0,66.0,,53.0,,460.0,,287.0,672.0,40.0
2021-06-01,Other services (except public administration) [81],9548.0,10396.0,67440.0,2274.0,1482.0,1002.0,97.0,1847.0,27.0,20659.0,419.0,17152.0,2347.0,111.0
2021-06-01,"Professional, scientific and technical services [54]",18202.0,19321.0,119132.0,2370.0,1413.0,945.0,109.0,1868.0,25.0,52443.0,323.0,21321.0,2160.0,147.0
2021-06-01,Real estate and rental and leasing [53],4798.0,7952.0,39146.0,1155.0,643.0,486.0,50.0,837.0,18.0,14434.0,188.0,8005.0,946.0,55.0
2021-06-01,Retail trade [44-45],10025.0,13028.0,83959.0,2887.0,2123.0,1593.0,130.0,2328.0,46.0,30502.0,522.0,20213.0,3041.0,162.0
2021-06-01,Tourism industry,8490.0,12594.0,72349.0,2509.0,1430.0,1117.0,139.0,1863.0,51.0,25162.0,384.0,16789.0,2413.0,192.0
2021-06-01,Transportation and warehousing [48-49],6297.0,6198.0,51448.0,2560.0,1053.0,473.0,60.0,749.0,29.0,22221.0,142.0,10621.0,1391.0,56.0
2021-06-01,Utilities [22],163.0,109.0,715.0,,12.0,,,18.0,,301.0,,88.0,25.0,
2021-06-01,Wholesale trade [41],4306.0,6396.0,37540.0,1347.0,722.0,462.0,29.0,999.0,,16081.0,161.0,9589.0,1179.0,27.0
2021-07-01,Accommodation and food services [72],7211.0,9915.0,59844.0,1914.0,1191.0,848.0,93.0,1503.0,32.0,21299.0,279.0,13672.0,2068.0,130.0
2021-07-01,"Administrative and support, waste management and remediation services [56]",5384.0,6983.0,39586.0,1184.0,633.0,416.0,73.0,816.0,18.0,15226.0,134.0,8482.0,1001.0,77.0
2021-07-01,"Arts, entertainment and recreation [71]",1358.0,2610.0,13565.0,475.0,259.0,222.0,18.0,367.0,,4378.0,94.0,3445.0,437.0,30.0
2021-07-01,Beverage and tobacco product manufacturing [312],136.0,472.0,1589.0,36.0,48.0,29.0,,80.0,,513.0,,273.0,49.0,
2021-07-01,Business sector industries [T004],117428.0,151386.0,909832.0,28050.0,16992.0,12449.0,966.0,19779.0,329.0,347253.0,3902.0,194351.0,24768.0,1355.0
2021-07-01,Construction [23],16043.0,21248.0,119843.0,3747.0,2261.0,1489.0,136.0,2914.0,43.0,40563.0,601.0,27708.0,3534.0,226.0
2021-07-01,Educational services [61],1204.0,2109.0,9665.0,250.0,149.0,105.0,13.0,207.0,,3802.0,38.0,1663.0,256.0,15.0
2021-07-01,"Finance and insurance and Management of companies and enterprises [52, 55]",3569.0,4855.0,27482.0,1033.0,459.0,268.0,30.0,579.0,15.0,11659.0,119.0,4673.0,1048.0,32.0
2021-07-01,Food manufacturing [311],458.0,890.0,5108.0,193.0,145.0,77.0,,189.0,,1797.0,62.0,1380.0,140.0,
2021-07-01,"Forestry, fishing and hunting [11]",335.0,1731.0,4598.0,39.0,341.0,29.0,,175.0,,553.0,,1326.0,54.0,
2021-07-01,Health care and social assistance [62],12194.0,16129.0,100007.0,3348.0,2418.0,1431.0,51.0,2392.0,43.0,36865.0,341.0,22216.0,2679.0,126.0
2021-07-01,Information and cultural industries [51],866.0,2068.0,10546.0,302.0,128.0,82.0,18.0,205.0,,4534.0,35.0,2505.0,192.0,32.0
2021-07-01,Manufacturing [31-33],4069.0,6379.0,42388.0,1227.0,756.0,331.0,16.0,912.0,,17010.0,198.0,11785.0,917.0,32.0
2021-07-01,"Mining, quarrying, and oil and gas extraction [21]",3147.0,830.0,5566.0,92.0,48.0,64.0,,51.0,,468.0,,289.0,676.0,42.0
2021-07-01,Other services (except public administration) [81],9606.0,10393.0,68896.0,2304.0,1479.0,990.0,95.0,1843.0,27.0,23687.0,416.0,17121.0,2338.0,110.0
2021-07-01,"Professional, scientific and technical services [54]",18279.0,19449.0,119814.0,2377.0,1420.0,940.0,107.0,1863.0,26.0,52782.0,323.0,21442.0,2168.0,144.0
2021-07-01,Real estate and rental and leasing [53],4811.0,7986.0,39329.0,1178.0,634.0,488.0,51.0,837.0,20.0,14556.0,187.0,7997.0,959.0,55.0
2021-07-01,Retail trade [44-45],10045.0,13018.0,84178.0,2889.0,2112.0,1582.0,132.0,2332.0,44.0,30794.0,518.0,20251.0,3039.0,159.0
2021-07-01,Tourism industry,8545.0,12633.0,73032.0,2509.0,1418.0,1121.0,138.0,1886.0,49.0,25513.0,375.0,16991.0,2454.0,191.0
2021-07-01,Transportation and warehousing [48-49],6293.0,6175.0,51360.0,2560.0,1053.0,478.0,59.0,749.0,26.0,22285.0,143.0,10646.0,1395.0,54.0
2021-07-01,Utilities [22],164.0,108.0,712.0,,12.0,,,18.0,,298.0,,88.0,25.0,
2021-07-01,Wholesale trade [41],4304.0,6385.0,37578.0,1347.0,723.0,463.0,29.0,987.0,,16068.0,163.0,9572.0,1172.0,27.0
2021-08-01,Accommodation and food services [72],7272.0,9958.0,59930.0,1913.0,1188.0,848.0,94.0,1526.0,32.0,21393.0,289.0,13716.0,2064.0,128.0
2021-08-01,"Administrative and support, waste management and remediation services [56]",5373.0,7007.0,39619.0,1179.0,629.0,410.0,69.0,815.0,18.0,15252.0,135.0,8462.0,997.0,74.0
2021-08-01,"Arts, entertainment and recreation [71]",1356.0,2613.0,13614.0,473.0,261.0,212.0,18.0,370.0,,4403.0,92.0,3444.0,429.0,30.0
2021-08-01,Beverage and tobacco product manufacturing [312],137.0,476.0,1597.0,39.0,48.0,30.0,,81.0,,516.0,,270.0,49.0,
2021-08-01,Business sector industries [T004],117508.0,151582.0,907375.0,28021.0,16977.0,12442.0,949.0,19838.0,343.0,346449.0,3913.0,194694.0,24722.0,1350.0
2021-08-01,Construction [23],15971.0,21244.0,120148.0,3747.0,2260.0,1481.0,133.0,2913.0,44.0,40674.0,609.0,27790.0,3493.0,226.0
2021-08-01,Educational services [61],1210.0,2094.0,9696.0,251.0,149.0,103.0,13.0,210.0,,3828.0,40.0,1641.0,256.0,14.0
2021-08-01,"Finance and insurance and Management of companies and enterprises [52, 55]",3563.0,4856.0,27425.0,1028.0,458.0,268.0,30.0,579.0,18.0,11638.0,120.0,4661.0,1041.0,34.0
2021-08-01,Food manufacturing [311],454.0,893.0,5119.0,191.0,147.0,78.0,,189.0,,1795.0,62.0,1383.0,139.0,
2021-08-01,"Forestry, fishing and hunting [11]",335.0,1730.0,4570.0,40.0,337.0,29.0,,176.0,,531.0,,1315.0,54.0,
2021-08-01,Health care and social assistance [62],12251.0,16168.0,100254.0,3330.0,2419.0,1428.0,50.0,2387.0,46.0,36995.0,334.0,22288.0,2689.0,127.0
2021-08-01,Information and cultural industries [51],861.0,2088.0,10582.0,302.0,129.0,82.0,17.0,206.0,,4523.0,34.0,2505.0,189.0,30.0
2021-08-01,Manufacturing [31-33],4057.0,6424.0,42256.0,1226.0,755.0,333.0,16.0,912.0,,16990.0,197.0,11806.0,912.0,31.0
2021-08-01,"Mining, quarrying, and oil and gas extraction [21]",3122.0,824.0,5535.0,91.0,47.0,67.0,,51.0,,471.0,,287.0,675.0,41.0
2021-08-01,Other services (except public administration) [81],9633.0,10414.0,69431.0,2324.0,1475.0,992.0,95.0,1836.0,26.0,23749.0,409.0,17118.0,2324.0,109.0
2021-08-01,"Professional, scientific and technical services [54]",18223.0,19453.0,119546.0,2371.0,1424.0,936.0,103.0,1875.0,25.0,52650.0,321.0,21488.0,2159.0,146.0
2021-08-01,Real estate and rental and leasing [53],4792.0,7973.0,39302.0,1165.0,641.0,481.0,50.0,821.0,21.0,14602.0,180.0,7955.0,952.0,54.0
2021-08-01,Retail trade [44-45],10058.0,13038.0,84276.0,2884.0,2119.0,1589.0,130.0,2347.0,47.0,30775.0,519.0,20272.0,3032.0,158.0
2021-08-01,Tourism industry,8607.0,12686.0,73306.0,2500.0,1416.0,1109.0,136.0,1901.0,50.0,25605.0,383.0,17065.0,2449.0,189.0
2021-08-01,Transportation and warehousing [48-49],6244.0,6188.0,51141.0,2551.0,1042.0,471.0,57.0,746.0,28.0,22247.0,144.0,10664.0,1373.0,57.0
2021-08-01,Utilities [22],162.0,109.0,710.0,,12.0,,,18.0,,292.0,,87.0,28.0,
2021-08-01,Wholesale trade [41],4297.0,6380.0,37550.0,1338.0,719.0,461.0,28.0,993.0,,16101.0,163.0,9554.0,1172.0,28.0
2021-09-01,Accommodation and food services [72],7245.0,9984.0,60207.0,1917.0,1188.0,852.0,93.0,1536.0,31.0,21446.0,306.0,13769.0,2071.0,128.0
2021-09-01,"Administrative and support, waste management and remediation services [56]",5315.0,7030.0,39538.0,1186.0,628.0,413.0,64.0,809.0,17.0,15205.0,136.0,8437.0,995.0,75.0
2021-09-01,"Arts, entertainment and recreation [71]",1370.0,2591.0,13663.0,472.0,261.0,223.0,17.0,375.0,,4423.0,91.0,3447.0,426.0,29.0
2021-09-01,Beverage and tobacco product manufacturing [312],136.0,474.0,1597.0,38.0,48.0,30.0,,81.0,,517.0,,271.0,51.0,
2021-09-01,Business sector industries [T004],117168.0,151578.0,906758.0,28028.0,17004.0,12443.0,941.0,19889.0,339.0,346691.0,3915.0,195147.0,24708.0,1354.0
2021-09-01,Construction [23],15766.0,21257.0,120162.0,3750.0,2256.0,1486.0,135.0,2927.0,46.0,40834.0,607.0,27841.0,3474.0,228.0
2021-09-01,Educational services [61],1202.0,2063.0,9694.0,249.0,149.0,104.0,14.0,206.0,,3851.0,39.0,1633.0,255.0,15.0
2021-09-01,"Finance and insurance and Management of companies and enterprises [52, 55]",3532.0,4843.0,27324.0,1031.0,456.0,266.0,31.0,579.0,16.0,11596.0,117.0,4647.0,1042.0,36.0
2021-09-01,Food manufacturing [311],463.0,893.0,5121.0,189.0,146.0,76.0,,193.0,,1794.0,61.0,1385.0,140.0,
2021-09-01,"Forestry, fishing and hunting [11]",339.0,1724.0,4568.0,40.0,343.0,27.0,,173.0,,552.0,,1300.0,51.0,
2021-09-01,Health care and social assistance [62],12160.0,16150.0,100134.0,3327.0,2410.0,1425.0,50.0,2378.0,48.0,36960.0,327.0,22260.0,2681.0,127.0
2021-09-01,Information and cultural industries [51],857.0,2071.0,10554.0,300.0,122.0,80.0,18.0,205.0,,4514.0,34.0,2498.0,188.0,28.0
2021-09-01,Manufacturing [31-33],4048.0,6378.0,42074.0,1219.0,755.0,332.0,16.0,917.0,,16982.0,197.0,11816.0,913.0,30.0
2021-09-01,"Mining, quarrying, and oil and gas extraction [21]",3087.0,837.0,5512.0,90.0,46.0,67.0,,50.0,,477.0,,289.0,675.0,41.0
2021-09-01,Other services (except public administration) [81],9619.0,10422.0,69265.0,2321.0,1477.0,1000.0,95.0,1848.0,25.0,23789.0,415.0,17078.0,2320.0,111.0
2021-09-01,"Professional, scientific and technical services [54]",18136.0,19455.0,119220.0,2346.0,1422.0,948.0,101.0,1865.0,25.0,52462.0,321.0,21575.0,2156.0,144.0
2021-09-01,Real estate and rental and leasing [53],4756.0,7952.0,39316.0,1160.0,642.0,481.0,48.0,842.0,19.0,14656.0,191.0,7908.0,952.0,53.0
2021-09-01,Retail trade [44-45],10004.0,13019.0,84389.0,2890.0,2121.0,1581.0,130.0,2332.0,47.0,30734.0,514.0,20289.0,3018.0,159.0
2021-09-01,Tourism industry,8572.0,12730.0,73497.0,2491.0,1420.0,1126.0,135.0,1913.0,48.0,25633.0,397.0,17191.0,2458.0,188.0
2021-09-01,Transportation and warehousing [48-49],6207.0,6173.0,50763.0,2536.0,1038.0,476.0,64.0,746.0,27.0,22201.0,143.0,10651.0,1385.0,55.0
2021-09-01,Utilities [22],162.0,110.0,710.0,,12.0,,,18.0,,296.0,,86.0,26.0,
2021-09-01,Wholesale trade [41],4302.0,6350.0,37553.0,1337.0,720.0,459.0,28.0,994.0,,16097.0,161.0,9536.0,1169.0,28.0
