date,Ontario
2020-04-02,113
2020-04-03,141
2020-04-04,143
2020-04-05,174
2020-04-06,187
2020-04-07,183
2020-04-08,203
2020-04-09,205
2020-04-10,218
2020-04-11,230
2020-04-12,237
2020-04-13,248
2020-04-14,265
2020-04-15,284
2020-04-16,287
2020-04-17,293
2020-04-18,298
2020-04-19,299
2020-04-20,309
2020-04-21,317
2020-04-22,316
2020-04-23,320
2020-04-24,351
2020-04-25,367
2020-04-26,383
2020-04-27,382
2020-04-28,370
2020-04-29,381
2020-04-30,402
2020-05-01,411
2020-05-02,415
2020-05-03,396
2020-05-04,396
2020-05-05,433
2020-05-06,435
2020-05-07,433
2020-05-08,437
2020-05-09,445
2020-05-10,391
2020-05-11,433
2020-05-12,445
2020-05-13,452
2020-05-14,458
2020-05-15,451
2020-05-16,458
2020-05-17,439
2020-05-18,439
2020-05-19,444
2020-05-20,453
2020-05-21,449
2020-05-22,429
2020-05-23,409
2020-05-24,395
2020-05-25,402
2020-05-26,386
2020-05-27,388
2020-05-28,389
2020-05-29,383
2020-05-30,387
2020-05-31,368
2020-06-01,359
2020-06-02,378
2020-06-03,384
2020-06-04,380
2020-06-05,364
2020-06-06,326
2020-06-07,320
2020-06-08,304
2020-06-09,285
2020-06-10,282
2020-06-11,252
2020-06-12,231
2020-06-13,222
2020-06-14,206
2020-06-15,193
2020-06-16,191
2020-06-17,175
2020-06-18,167
2020-06-19,149
2020-06-20,157
2020-06-21,146
2020-06-22,143
2020-06-23,148
2020-06-24,139
2020-06-25,132
2020-06-26,126
2020-06-27,122
2020-06-28,108
2020-06-29,111
2020-06-30,99
2020-07-01,104
2020-07-02,62
2020-07-03,62
2020-07-05,50
2020-07-06,49
2020-07-07,50
2020-07-08,48
2020-07-09,47
2020-07-10,44
2020-07-11,52
2020-07-12,45
2020-07-13,47
2020-07-14,46
2020-07-15,45
2020-07-16,45
2020-07-17,36
2020-07-18,33
2020-07-19,33
2020-07-20,34
2020-07-21,37
2020-07-22,43
2020-07-23,40
2020-07-24,34
2020-07-25,34
2020-07-26,30
2020-07-27,29
2020-07-28,32
2020-07-29,31
2020-07-30,29
2020-07-31,27
2020-08-01,27
2020-08-02,26
2020-08-03,31
2020-08-04,29
2020-08-05,24
2020-08-06,29
2020-08-07,23
2020-08-08,16
2020-08-09,24
2020-08-10,19
2020-08-11,21
2020-08-12,19
2020-08-13,16
2020-08-14,16
2020-08-15,13
2020-08-16,11
2020-08-17,7
2020-08-18,12
2020-08-19,12
2020-08-20,10
2020-08-21,13
2020-08-22,13
2020-08-23,14
2020-08-24,13
2020-08-25,15
2020-08-26,19
2020-08-27,22
2020-08-28,31
2020-08-29,23
2020-08-30,21
2020-08-31,19
2020-09-01,24
2020-09-02,20
2020-09-03,22
2020-09-04,29
2020-09-05,26
2020-09-06,27
2020-09-07,28
2020-09-08,28
2020-09-09,30
2020-09-10,28
2020-09-11,23
2020-09-12,22
2020-09-13,19
2020-09-14,22
2020-09-15,25
2020-09-16,23
2020-09-17,22
2020-09-18,25
2020-09-19,28
2020-09-20,32
2020-09-21,37
2020-09-22,44
2020-09-23,46
2020-09-24,45
2020-09-25,45
2020-09-26,44
2020-09-27,47
2020-09-28,50
2020-09-29,53
2020-09-30,49
2020-10-01,52
2020-10-02,55
2020-10-03,52
2020-10-04,49
2020-10-05,52
2020-10-06,61
2020-10-07,61
2020-10-08,68
2020-10-09,82
2020-10-10,85
2020-10-11,88
2020-10-12,81
2020-10-13,89
2020-10-14,84
2020-10-15,105
2020-10-16,107
2020-10-17,119
2020-10-18,110
2020-10-19,117
2020-10-20,125
2020-10-21,118
2020-10-22,116
2020-10-23,115
2020-10-24,127
2020-10-25,127
2020-10-26,141
2020-10-27,139
2020-10-28,129
2020-10-29,127
2020-10-30,127
2020-10-31,133
2020-11-01,135
2020-11-02,140
2020-11-03,137
2020-11-04,148
2020-11-05,155
2020-11-06,151
2020-11-07,171
2020-11-08,160
2020-11-09,158
2020-11-10,180
2020-11-11,186
2020-11-12,200
2020-11-13,213
2020-11-14,231
2020-11-15,224
2020-11-16,231
2020-11-17,246
2020-11-18,249
2020-11-19,246
2020-11-20,246
2020-11-21,237
2020-11-22,234
2020-11-23,250
2020-11-24,256
2020-11-25,250
2020-11-26,258
2020-11-27,258
2020-11-28,277
2020-11-29,274
2020-11-30,272
2020-12-01,277
2020-12-02,275
2020-12-03,273
2020-12-04,282
2020-12-05,279
2020-12-06,296
2020-12-07,316
2020-12-08,315
2020-12-09,323
2020-12-10,324
2020-12-11,322
2020-12-12,336
2020-12-13,331
2020-12-14,358
2020-12-15,383
2020-12-16,386
2020-12-17,376
2020-12-18,350
2020-12-19,361
2020-12-20,364
2020-12-21,381
2020-12-22,424
2020-12-23,423
2020-12-24,416
2020-12-25,424
2020-12-26,398
2020-12-27,444
2020-12-28,485
2020-12-29,490
2020-12-30,505
2020-12-31,502
2021-01-01,517
2021-01-02,503
2021-01-03,534
2021-01-04,542
2021-01-05,562
2021-01-06,598
2021-01-07,595
2021-01-08,592
2021-01-09,603
2021-01-10,618
2021-01-11,636
2021-01-12,700
2021-01-13,671
2021-01-14,664
2021-01-15,665
2021-01-16,647
2021-01-17,624
2021-01-18,633
2021-01-19,641
2021-01-20,639
2021-01-21,573
2021-01-22,564
2021-01-23,566
2021-01-24,548
2021-01-25,537
2021-01-26,550
2021-01-27,512
2021-01-28,493
2021-01-29,469
2021-01-30,466
2021-01-31,453
2021-02-01,449
2021-02-02,462
2021-02-03,366
2021-02-04,424
2021-02-05,399
2021-02-06,399
2021-02-07,370
2021-02-08,374
2021-02-09,385
2021-02-10,367
2021-02-11,370
2021-02-12,343
2021-02-13,325
2021-02-14,296
2021-02-15,329
2021-02-16,323
2021-02-17,266
2021-02-18,324
2021-02-19,289
2021-02-20,313
2021-02-21,317
2021-02-22,296
2021-02-23,298
2021-02-24,280
2021-02-25,280
2021-02-26,273
2021-02-27,285
2021-02-28,257
2021-03-01,259
2021-03-02,261
2021-03-03,250
2021-03-04,250
2021-03-05,249
2021-03-06,233
2021-03-07,237
2021-03-08,245
2021-03-09,257
2021-03-10,256
2021-03-11,255
2021-03-12,255
2021-03-13,264
2021-03-14,261
2021-03-15,273
2021-03-16,271
2021-03-17,272
2021-03-18,270
2021-03-19,278
2021-03-20,285
2021-03-21,294
2021-03-22,317
2021-03-23,334
2021-03-24,343
2021-03-25,334
2021-03-26,345
2021-03-27,374
2021-03-28,375
2021-03-29,392
2021-03-30,431
2021-03-31,467
2021-04-01,469
2021-04-02,467
2021-04-03,483
2021-04-04,522
2021-04-05,555
2021-04-06,580
2021-04-07,581
2021-04-08,587
2021-04-09,607
2021-04-10,630
2021-04-11,649
2021-04-12,688
2021-04-13,734
2021-04-14,745
2021-04-15,787
2021-04-16,809
2021-04-17,834
2021-04-18,874
2021-04-19,939
2021-04-20,974
2021-04-21,952
2021-04-22,961
2021-04-23,917
2021-04-24,884
2021-04-25,846
2021-04-26,877
2021-04-27,869
2021-04-28,835
2021-04-29,778
2021-04-30,735
2021-05-01,719
2021-05-02,715
2021-05-03,752
2021-05-04,736
2021-05-05,705
2021-05-06,661
2021-05-07,632
2021-05-08,592
2021-05-09,566
2021-05-10,552
2021-05-11,586
2021-05-12,524
2021-05-13,530
2021-05-14,528
2021-05-15,512
2021-05-16,518
2021-05-17,530
2021-05-18,524
2021-05-19,506
2021-05-20,477
2021-05-21,469
2021-05-22,442
2021-05-23,411
2021-05-24,410
2021-05-25,423
2021-05-26,406
2021-05-27,397
2021-05-28,379
2021-05-29,327
2021-05-30,315
2021-05-31,304
2021-06-01,292
2021-06-02,278
2021-06-03,270
2021-06-04,245
2021-06-05,225
2021-06-06,213
2021-06-07,211
2021-06-08,220
2021-06-09,199
2021-06-10,188
2021-06-11,177
2021-06-12,164
2021-06-13,147
2021-06-14,152
2021-06-15,111
2021-06-16,104
2021-06-17,100
2021-06-18,85
2021-06-19,68
2021-06-20,63
2021-06-21,63
2021-06-22,71
2021-06-23,59
2021-06-24,57
2021-06-25,51
2021-06-26,46
2021-06-27,44
2021-06-28,49
2021-06-29,43
2021-06-30,42
2021-07-01,35
2021-07-02,36
2021-07-03,32
2021-07-04,28
2021-07-05,28
2021-07-06,30
2021-07-07,30
2021-07-08,32
2021-07-09,36
2021-07-10,33
2021-07-11,31
2021-07-12,34
2021-07-13,37
2021-07-14,33
2021-07-15,33
2021-07-16,33
2021-07-17,26
2021-07-18,22
2021-07-19,27
2021-07-20,29
2021-07-21,30
2021-07-22,25
2021-07-23,37
2021-07-24,35
2021-07-25,33
2021-07-26,35
2021-07-27,37
2021-07-28,33
2021-07-29,30
2021-07-30,31
2021-07-31,28
2021-08-01,30
2021-08-02,27
2021-08-03,30
2021-08-04,27
2021-08-05,38
2021-08-06,43
2021-08-07,56
2021-08-08,31
2021-08-09,41
2021-08-10,34
2021-08-11,39
2021-08-12,39
2021-08-13,41
2021-08-14,42
2021-08-15,48
2021-08-16,45
2021-08-17,47
2021-08-18,48
2021-08-19,49
2021-08-20,59
2021-08-21,66
2021-08-22,74
2021-08-23,83
2021-08-24,98
2021-08-25,107
2021-08-26,118
2021-08-27,119
2021-08-28,126
2021-08-29,128
2021-08-30,129
2021-08-31,143
2021-09-01,148
2021-09-02,134
2021-09-03,131
2021-09-04,135
2021-09-05,127
2021-09-06,134
2021-09-07,134
2021-09-08,137
2021-09-09,132
2021-09-10,141
2021-09-11,129
2021-09-12,126
2021-09-13,119
2021-09-14,128
2021-09-15,124
2021-09-16,136
2021-09-17,130
2021-09-18,116
2021-09-19,105
2021-09-20,101
2021-09-21,107
2021-09-22,101
2021-09-23,104
2021-09-24,105
2021-09-25,112
2021-09-26,103
2021-09-27,103
2021-09-28,102
2021-09-29,92
2021-09-30,89
2021-10-01,82
2021-10-02,79
2021-10-03,79
2021-10-04,80
2021-10-05,91
2021-10-06,98
2021-10-07,92
2021-10-08,93
2021-10-09,91
2021-10-10,103
2021-10-11,87
2021-10-12,86
2021-10-13,71
2021-10-14,79
2021-10-15,93
2021-10-16,80
2021-10-17,83
2021-10-18,71
2021-10-19,86
2021-10-20,85
2021-10-21,87
2021-10-22,88
2021-10-23,90
2021-10-24,84
2021-10-25,80
2021-10-26,74
2021-10-27,67
2021-10-28,62
2021-10-29,64
2021-10-30,57
2021-10-31,63
2021-11-01,69
2021-11-02,71
2021-11-03,69
2021-11-04,68
2021-11-05,61
2021-11-06,64
2021-11-07,54
2021-11-08,64
2021-11-09,54
2021-11-10,57
2021-11-11,49
2021-11-12,48
2021-11-13,46
2021-11-14,45
2021-11-15,53
2021-11-16,57
2021-11-17,53
2021-11-18,53
2021-11-19,52
2021-11-20,69
2021-11-21,63
2021-11-22,69
2021-11-23,74
2021-11-24,67
2021-11-25,59
2021-11-26,51
2021-11-27,43
2021-11-28,48
2021-11-29,59
2021-11-30,63
2021-12-01,67
2021-12-02,62
2021-12-03,69
2021-12-04,74
2021-12-05,66
2021-12-06,82
2021-12-07,91
2021-12-08,84
2021-12-09,72
2021-12-10,67
2021-12-11,76
2021-12-12,72
2021-12-13,80
2021-12-14,89
2021-12-15,61
2021-12-16,74
2021-12-17,75
2021-12-18,62
2021-12-19,61
2021-12-20,69
2021-12-21,85
2021-12-22,90
2021-12-23,98
2021-12-24,114
2021-12-25,120
2021-12-26,117
2021-12-27,131
2021-12-28,148
2021-12-29,224
2021-12-30,237
2021-12-31,327
2022-01-01,374
2022-01-02,434
2022-01-03,485
2022-01-04,483
2022-01-05,634
2020-04-02,99
2020-04-03,101
2020-04-04,113
2020-04-05,111
2020-04-06,129
2020-04-07,136
2020-04-08,129
2020-04-09,136
2020-04-10,145
2020-04-11,150
2020-04-12,142
2020-04-13,155
2020-04-14,146
2020-04-15,139
2020-04-16,138
2020-04-17,134
2020-04-18,137
2020-04-19,136
2020-04-20,136
2020-04-21,135
2020-04-22,141
2020-04-23,134
2020-04-24,143
2020-04-25,137
2020-04-26,140
2020-04-27,138
2020-04-28,142
2020-04-29,152
2020-04-30,161
2020-05-01,158
2020-05-02,148
2020-05-03,157
2020-05-04,159
2020-05-05,160
2020-05-06,160
2020-05-07,165
2020-05-08,168
2020-05-09,170
2020-05-10,170
2020-05-11,186
2020-05-12,166
2020-05-13,165
2020-05-14,163
2020-05-15,150
2020-05-16,147
2020-05-17,148
2020-05-18,144
2020-05-19,144
2020-05-20,141
2020-05-21,140
2020-05-22,139
2020-05-23,134
2020-05-24,127
2020-05-25,125
2020-05-26,119
2020-05-27,125
2020-05-28,117
2020-05-29,122
2020-05-30,120
2020-05-31,120
2020-06-01,117
2020-06-02,121
2020-06-03,117
2020-06-04,114
2020-06-05,112
2020-06-06,105
2020-06-07,100
2020-06-08,97
2020-06-09,94
2020-06-10,94
2020-06-11,87
2020-06-12,89
2020-06-13,72
2020-06-14,62
2020-06-15,57
2020-06-16,60
2020-06-17,53
2020-06-18,52
2020-06-19,50
2020-06-20,45
2020-06-21,34
2020-06-22,34
2020-06-23,35
2020-06-24,35
2020-06-25,32
2020-06-26,28
2020-06-27,32
2020-06-28,31
2020-06-29,27
2020-06-30,21
2020-07-01,24
2020-07-02,19
2020-07-03,19
2020-07-05,17
2020-07-06,18
2020-07-07,17
2020-07-08,15
2020-07-09,13
2020-07-10,12
2020-07-11,12
2020-07-12,12
2020-07-13,12
2020-07-14,12
2020-07-15,12
2020-07-16,15
2020-07-17,12
2020-07-18,14
2020-07-19,13
2020-07-20,15
2020-07-21,17
2020-07-22,14
2020-07-23,15
2020-07-24,15
2020-07-25,17
2020-07-26,13
2020-07-27,15
2020-07-28,16
2020-07-29,15
2020-07-30,16
2020-07-31,16
2020-08-01,17
2020-08-02,17
2020-08-03,14
2020-08-04,18
2020-08-05,14
2020-08-06,12
2020-08-07,13
2020-08-08,12
2020-08-09,9
2020-08-10,8
2020-08-11,11
2020-08-12,11
2020-08-13,9
2020-08-14,9
2020-08-15,11
2020-08-16,8
2020-08-17,8
2020-08-18,9
2020-08-19,9
2020-08-20,6
2020-08-21,5
2020-08-22,9
2020-08-23,11
2020-08-24,11
2020-08-25,8
2020-08-26,10
2020-08-27,12
2020-08-28,14
2020-08-29,12
2020-08-30,12
2020-08-31,11
2020-09-01,11
2020-09-02,13
2020-09-03,9
2020-09-04,11
2020-09-05,13
2020-09-06,10
2020-09-07,11
2020-09-08,12
2020-09-09,10
2020-09-10,14
2020-09-11,11
2020-09-12,10
2020-09-13,10
2020-09-14,11
2020-09-15,9
2020-09-16,8
2020-09-17,9
2020-09-18,10
2020-09-19,15
2020-09-20,11
2020-09-21,10
2020-09-22,10
2020-09-23,14
2020-09-24,15
2020-09-25,16
2020-09-26,25
2020-09-27,32
2020-09-28,39
2020-09-29,42
2020-09-30,54
2020-10-01,56
2020-10-02,60
2020-10-03,55
2020-10-04,59
2020-10-05,59
2020-10-06,63
2020-10-07,66
2020-10-08,66
2020-10-09,69
2020-10-10,60
2020-10-11,64
2020-10-12,63
2020-10-13,78
2020-10-14,76
2020-10-15,75
2020-10-16,81
2020-10-17,74
2020-10-18,68
2020-10-19,63
2020-10-20,68
2020-10-21,72
2020-10-22,80
2020-10-23,79
2020-10-24,82
2020-10-25,75
2020-10-26,81
2020-10-27,85
2020-10-28,88
2020-10-29,98
2020-10-30,99
2020-10-31,94
2020-11-01,97
2020-11-02,106
2020-11-03,111
2020-11-04,122
2020-11-05,124
2020-11-06,120
2020-11-07,115
2020-11-08,115
2020-11-09,118
2020-11-10,128
2020-11-11,128
2020-11-12,117
2020-11-13,132
2020-11-14,136
2020-11-15,122
2020-11-16,122
2020-11-17,120
2020-11-18,125
2020-11-19,121
2020-11-20,120
2020-11-21,116
2020-11-22,108
2020-11-23,112
2020-11-24,115
2020-11-25,110
2020-11-26,106
2020-11-27,98
2020-11-28,99
2020-11-29,104
2020-11-30,119
2020-12-01,124
2020-12-02,128
2020-12-03,127
2020-12-04,129
2020-12-05,129
2020-12-06,130
2020-12-07,126
2020-12-08,135
2020-12-09,137
2020-12-10,148
2020-12-11,151
2020-12-12,149
2020-12-13,138
2020-12-14,131
2020-12-15,135
2020-12-16,149
2020-12-17,143
2020-12-18,133
2020-12-19,128
2020-12-20,140
2020-12-21,140
2020-12-22,143
2020-12-23,147
2020-12-24,133
2020-12-25,121
2020-12-26,129
2020-12-27,131
2020-12-28,133
2020-12-29,135
2020-12-30,146
2020-12-31,153
2021-01-01,160
2021-01-02,156
2021-01-03,153
2021-01-04,166
2021-01-05,178
2021-01-06,178
2021-01-07,175
2021-01-08,199
2021-01-09,202
2021-01-10,208
2021-01-11,212
2021-01-12,215
2021-01-13,240
2021-01-14,223
2021-01-15,204
2021-01-16,225
2021-01-17,213
2021-01-18,223
2021-01-19,220
2021-01-20,209
2021-01-21,217
2021-01-22,200
2021-01-23,199
2021-01-24,202
2021-01-25,190
2021-01-26,195
2021-01-27,198
2021-01-28,194
2021-01-29,198
2021-01-30,194
2021-01-31,173
2021-02-01,170
2021-02-02,175
2021-02-03,172
2021-02-04,176
2021-02-05,171
2021-02-06,159
2021-02-07,147
2021-02-08,141
2021-02-09,147
2021-02-10,139
2021-02-11,133
2021-02-12,127
2021-02-13,120
2021-02-14,114
2021-02-15,113
2021-02-16,111
2021-02-17,115
2021-02-18,117
2021-02-19,107
2021-02-20,102
2021-02-21,89
2021-02-22,92
2021-02-23,100
2021-02-24,93
2021-02-25,90
2021-02-26,98
2021-02-27,97
2021-02-28,87
2021-03-01,100
2021-03-02,102
2021-03-03,107
2021-03-04,100
2021-03-05,109
2021-03-06,109
2021-03-07,98
2021-03-08,98
2021-03-09,108
2021-03-10,126
2021-03-11,115
2021-03-12,115
2021-03-13,117
2021-03-14,114
2021-03-15,117
2021-03-16,125
2021-03-17,118
2021-03-18,106
2021-03-19,113
2021-03-20,120
2021-03-21,128
2021-03-22,141
2021-03-23,139
2021-03-24,162
2021-03-25,161
2021-03-26,165
2021-03-27,180
2021-03-28,180
2021-03-29,193
2021-03-30,196
2021-03-31,198
2021-04-01,212
2021-04-02,229
2021-04-03,237
2021-04-04,245
2021-04-05,278
2021-04-06,303
2021-04-07,323
2021-04-08,338
2021-04-09,341
2021-04-10,347
2021-04-11,357
2021-04-12,374
2021-04-13,384
2021-04-14,401
2021-04-15,413
2021-04-16,415
2021-04-17,442
2021-04-18,462
2021-04-19,468
2021-04-20,473
2021-04-21,478
2021-04-22,482
2021-04-23,470
2021-04-24,474
2021-04-25,469
2021-04-26,480
2021-04-27,487
2021-04-28,484
2021-04-29,490
2021-04-30,481
2021-05-01,476
2021-05-02,460
2021-05-03,451
2021-05-04,461
2021-05-05,434
2021-05-06,394
2021-05-07,387
2021-05-08,377
2021-05-09,363
2021-05-10,363
2021-05-11,350
2021-05-12,356
2021-05-13,344
2021-05-14,326
2021-05-15,291
2021-05-16,283
2021-05-17,293
2021-05-18,298
2021-05-19,281
2021-05-20,265
2021-05-21,244
2021-05-22,253
2021-05-23,253
2021-05-24,242
2021-05-25,238
2021-05-26,224
2021-05-27,209
2021-05-28,188
2021-05-29,181
2021-05-30,175
2021-05-31,173
2021-06-01,165
2021-06-02,157
2021-06-03,154
2021-06-04,140
2021-06-05,135
2021-06-06,110
2021-06-07,119
2021-06-08,116
2021-06-09,100
2021-06-10,86
2021-06-11,73
2021-06-12,71
2021-06-13,70
2021-06-14,76
2021-06-15,78
2021-06-16,78
2021-06-17,73
2021-06-18,70
2021-06-19,66
2021-06-20,58
2021-06-21,62
2021-06-22,55
2021-06-23,55
2021-06-24,49
2021-06-25,49
2021-06-26,51
2021-06-27,41
2021-06-28,40
2021-06-29,38
2021-06-30,34
2021-07-01,32
2021-07-02,42
2021-07-03,39
2021-07-04,32
2021-07-05,27
2021-07-06,27
2021-07-07,32
2021-07-08,33
2021-07-09,34
2021-07-10,24
2021-07-11,26
2021-07-12,31
2021-07-13,30
2021-07-14,33
2021-07-15,33
2021-07-16,26
2021-07-17,21
2021-07-18,20
2021-07-19,21
2021-07-20,22
2021-07-21,22
2021-07-22,21
2021-07-23,18
2021-07-24,18
2021-07-25,18
2021-07-26,15
2021-07-27,15
2021-07-28,13
2021-07-29,15
2021-07-30,13
2021-07-31,12
2021-08-01,10
2021-08-02,9
2021-08-03,8
2021-08-04,10
2021-08-05,9
2021-08-06,9
2021-08-07,11
2021-08-08,10
2021-08-09,12
2021-08-10,13
2021-08-11,10
2021-08-12,15
2021-08-13,12
2021-08-14,10
2021-08-15,11
2021-08-16,8
2021-08-17,11
2021-08-18,14
2021-08-19,13
2021-08-20,16
2021-08-21,17
2021-08-22,22
2021-08-23,30
2021-08-24,25
2021-08-25,24
2021-08-26,21
2021-08-27,23
2021-08-28,25
2021-08-29,24
2021-08-30,29
2021-08-31,30
2021-09-01,30
2021-09-02,31
2021-09-03,37
2021-09-04,37
2021-09-05,39
2021-09-06,43
2021-09-07,42
2021-09-08,42
2021-09-09,42
2021-09-10,35
2021-09-11,39
2021-09-12,39
2021-09-13,34
2021-09-14,34
2021-09-15,36
2021-09-16,37
2021-09-17,41
2021-09-18,38
2021-09-19,29
2021-09-20,32
2021-09-21,33
2021-09-22,32
2021-09-23,37
2021-09-24,38
2021-09-25,41
2021-09-26,33
2021-09-27,36
2021-09-28,42
2021-09-29,44
2021-09-30,39
2021-10-01,46
2021-10-02,48
2021-10-03,43
2021-10-04,45
2021-10-05,46
2021-10-06,44
2021-10-07,42
2021-10-08,41
2021-10-09,42
2021-10-10,37
2021-10-11,33
2021-10-12,30
2021-10-13,40
2021-10-14,44
2021-10-15,42
2021-10-16,37
2021-10-17,35
2021-10-18,42
2021-10-19,47
2021-10-20,47
2021-10-21,54
2021-10-22,43
2021-10-23,49
2021-10-24,44
2021-10-25,42
2021-10-26,36
2021-10-27,29
2021-10-28,27
2021-10-29,29
2021-10-30,33
2021-10-31,40
2021-11-01,43
2021-11-02,40
2021-11-03,44
2021-11-04,39
2021-11-05,40
2021-11-06,17
2021-11-07,31
2021-11-08,36
2021-11-09,45
2021-11-10,44
2021-11-11,51
2021-11-12,54
2021-11-13,58
2021-11-14,66
2021-11-15,57
2021-11-16,58
2021-11-17,46
2021-11-18,48
2021-11-19,46
2021-11-20,46
2021-11-21,43
2021-11-22,42
2021-11-23,50
2021-11-24,54
2021-11-25,50
2021-11-26,55
2021-11-27,50
2021-11-28,49
2021-11-29,61
2021-11-30,63
2021-12-01,61
2021-12-02,59
2021-12-03,58
2021-12-04,56
2021-12-05,65
2021-12-06,60
2021-12-07,67
2021-12-08,63
2021-12-09,58
2021-12-10,62
2021-12-11,60
2021-12-12,77
2021-12-13,96
2021-12-14,77
2021-12-15,78
2021-12-16,48
2021-12-17,62
2021-12-18,82
2021-12-19,67
2021-12-20,67
2021-12-21,77
2021-12-22,74
2021-12-23,83
2021-12-24,88
2021-12-25,82
2021-12-26,94
2021-12-27,107
2021-12-28,144
2021-12-29,154
2021-12-30,179
2021-12-31,207
2022-01-01,254
2022-01-02,285
2022-01-03,317
2022-01-04,386
2022-01-05,416
2020-04-02,4
2020-04-03,8
2020-04-04,11
2020-04-05,7
2020-04-06,9
2020-04-07,10
2020-04-08,9
2020-04-09,11
2020-04-10,12
2020-04-11,12
2020-04-12,12
2020-04-13,12
2020-04-14,13
2020-04-15,13
2020-04-16,9
2020-04-17,9
2020-04-18,7
2020-04-19,10
2020-04-20,9
2020-04-21,9
2020-04-22,11
2020-04-23,13
2020-04-24,12
2020-04-25,11
2020-04-26,11
2020-04-27,12
2020-04-28,13
2020-04-29,10
2020-04-30,9
2020-05-01,10
2020-05-02,10
2020-05-03,11
2020-05-04,11
2020-05-05,11
2020-05-06,10
2020-05-07,9
2020-05-08,9
2020-05-09,8
2020-05-10,7
2020-05-11,7
2020-05-12,7
2020-05-13,7
2020-05-14,8
2020-05-15,7
2020-05-16,5
2020-05-17,5
2020-05-18,5
2020-05-19,3
2020-05-20,3
2020-05-21,3
2020-05-22,5
2020-05-23,5
2020-05-24,5
2020-05-25,5
2020-05-26,4
2020-05-27,6
2020-05-28,7
2020-05-29,4
2020-05-30,4
2020-05-31,4
2020-06-01,4
2020-06-02,3
2020-06-03,3
2020-06-04,5
2020-06-05,6
2020-06-06,4
2020-06-07,3
2020-06-08,3
2020-06-09,4
2020-06-10,4
2020-06-11,3
2020-06-12,3
2020-06-13,3
2020-06-14,4
2020-06-15,4
2020-06-16,4
2020-06-17,6
2020-06-18,6
2020-06-19,6
2020-06-20,8
2020-06-21,4
2020-06-22,4
2020-06-23,4
2020-06-24,6
2020-06-25,5
2020-06-26,4
2020-06-27,4
2020-06-28,4
2020-06-29,4
2020-06-30,3
2020-07-01,3
2020-07-02,0
2020-07-03,0
2020-07-05,2
2020-07-06,2
2020-07-07,2
2020-07-08,2
2020-07-09,2
2020-07-10,2
2020-07-11,3
2020-07-12,2
2020-07-13,2
2020-07-14,2
2020-07-15,4
2020-07-16,2
2020-07-17,0
2020-07-18,1
2020-07-19,1
2020-07-20,1
2020-07-21,0
2020-07-22,1
2020-07-23,2
2020-07-24,1
2020-07-25,1
2020-07-26,2
2020-07-27,2
2020-07-28,2
2020-07-29,2
2020-07-30,1
2020-07-31,2
2020-08-01,2
2020-08-02,2
2020-08-03,2
2020-08-04,2
2020-08-05,2
2020-08-06,1
2020-08-07,1
2020-08-08,1
2020-08-09,1
2020-08-10,1
2020-08-11,1
2020-08-12,1
2020-08-13,1
2020-08-14,1
2020-08-15,1
2020-08-16,1
2020-08-17,1
2020-08-18,1
2020-08-19,1
2020-08-20,1
2020-08-21,1
2020-08-22,1
2020-08-23,1
2020-08-24,1
2020-08-25,0
2020-08-26,0
2020-08-27,0
2020-08-28,0
2020-08-29,0
2020-08-30,0
2020-08-31,0
2020-09-01,0
2020-09-02,0
2020-09-03,0
2020-09-04,0
2020-09-05,0
2020-09-06,0
2020-09-07,0
2020-09-08,0
2020-09-09,0
2020-09-10,0
2020-09-11,0
2020-09-12,0
2020-09-13,0
2020-09-14,0
2020-09-15,0
2020-09-16,0
2020-09-17,2
2020-09-18,0
2020-09-19,0
2020-09-20,0
2020-09-21,0
2020-09-22,0
2020-09-23,0
2020-09-24,0
2020-09-25,0
2020-09-26,0
2020-09-27,0
2020-09-28,0
2020-09-29,0
2020-09-30,0
2020-10-01,2
2020-10-02,0
2020-10-03,0
2020-10-04,0
2020-10-05,0
2020-10-06,0
2020-10-07,1
2020-10-08,1
2020-10-09,1
2020-10-10,1
2020-10-11,0
2020-10-12,0
2020-10-13,0
2020-10-14,1
2020-10-15,0
2020-10-16,0
2020-10-17,0
2020-10-18,3
2020-10-19,0
2020-10-20,0
2020-10-21,0
2020-10-22,0
2020-10-23,0
2020-10-24,0
2020-10-25,0
2020-10-26,0
2020-10-27,1
2020-10-28,3
2020-10-29,2
2020-10-30,0
2020-10-31,0
2020-11-01,0
2020-11-02,0
2020-11-03,0
2020-11-04,1
2020-11-05,1
2020-11-06,1
2020-11-07,1
2020-11-08,1
2020-11-09,1
2020-11-10,1
2020-11-11,1
2020-11-12,1
2020-11-13,1
2020-11-14,0
2020-11-15,1
2020-11-16,2
2020-11-17,3
2020-11-18,3
2020-11-19,5
2020-11-20,4
2020-11-21,5
2020-11-22,6
2020-11-23,4
2020-11-24,5
2020-11-25,5
2020-11-26,6
2020-11-27,5
2020-11-28,5
2020-11-29,4
2020-11-30,4
2020-12-01,4
2020-12-02,5
2020-12-03,6
2020-12-04,7
2020-12-05,6
2020-12-06,5
2020-12-07,7
2020-12-08,6
2020-12-09,6
2020-12-10,6
2020-12-11,5
2020-12-12,4
2020-12-13,4
2020-12-14,4
2020-12-15,2
2020-12-16,2
2020-12-17,1
2020-12-18,1
2020-12-19,0
2020-12-20,0
2020-12-21,0
2020-12-22,0
2020-12-23,3
2020-12-24,2
2020-12-25,5
2020-12-26,5
2020-12-27,6
2020-12-28,6
2020-12-29,6
2020-12-30,11
2020-12-31,11
2021-01-01,6
2021-01-02,5
2021-01-03,6
2021-01-04,4
2021-01-05,8
2021-01-06,11
2021-01-07,10
2021-01-08,11
2021-01-09,10
2021-01-10,12
2021-01-11,15
2021-01-12,16
2021-01-13,17
2021-01-14,19
2021-01-15,19
2021-01-16,18
2021-01-17,17
2021-01-18,21
2021-01-19,21
2021-01-20,18
2021-01-21,16
2021-01-22,15
2021-01-23,12
2021-01-24,13
2021-01-25,13
2021-01-26,13
2021-01-27,11
2021-01-28,11
2021-01-29,13
2021-01-30,14
2021-01-31,11
2021-02-01,10
2021-02-02,10
2021-02-03,15
2021-02-04,12
2021-02-05,14
2021-02-06,10
2021-02-07,9
2021-02-08,14
2021-02-09,17
2021-02-10,15
2021-02-11,18
2021-02-12,18
2021-02-13,18
2021-02-14,18
2021-02-15,23
2021-02-16,21
2021-02-17,23
2021-02-18,22
2021-02-19,21
2021-02-20,21
2021-02-21,23
2021-02-22,27
2021-02-23,31
2021-02-24,30
2021-02-25,26
2021-02-26,27
2021-02-27,32
2021-02-28,35
2021-03-01,42
2021-03-02,36
2021-03-03,33
2021-03-04,33
2021-03-05,32
2021-03-06,31
2021-03-07,43
2021-03-08,55
2021-03-09,62
2021-03-10,54
2021-03-11,55
2021-03-12,59
2021-03-13,63
2021-03-14,63
2021-03-15,64
2021-03-16,73
2021-03-17,68
2021-03-18,75
2021-03-19,73
2021-03-20,72
2021-03-21,69
2021-03-22,67
2021-03-23,73
2021-03-24,68
2021-03-25,62
2021-03-26,61
2021-03-27,65
2021-03-28,60
2021-03-29,58
2021-03-30,56
2021-03-31,53
2021-04-01,27
2021-04-02,42
2021-04-03,39
2021-04-04,42
2021-04-05,44
2021-04-06,48
2021-04-07,52
2021-04-08,51
2021-04-09,41
2021-04-10,37
2021-04-11,39
2021-04-12,42
2021-04-13,41
2021-04-14,43
2021-04-15,44
2021-04-16,41
2021-04-17,42
2021-04-18,36
2021-04-19,38
2021-04-20,41
2021-04-21,41
2021-04-22,41
2021-04-23,38
2021-04-24,46
2021-04-25,38
2021-04-26,42
2021-04-27,42
2021-04-28,44
2021-04-29,45
2021-04-30,51
2021-05-01,45
2021-05-02,40
2021-05-03,38
2021-05-04,37
2021-05-05,35
2021-05-06,33
2021-05-07,32
2021-05-08,27
2021-05-09,23
2021-05-10,31
2021-05-11,31
2021-05-12,23
2021-05-13,30
2021-05-14,28
2021-05-15,71
2021-05-16,33
2021-05-17,28
2021-05-18,35
2021-05-19,26
2021-05-20,25
2021-05-21,32
2021-05-22,37
2021-05-23,38
2021-05-24,47
2021-05-25,47
2021-05-26,49
2021-05-27,44
2021-05-28,49
2021-05-29,49
2021-05-30,42
2021-05-31,41
2021-06-01,41
2021-06-02,38
2021-06-03,36
2021-06-04,35
2021-06-05,35
2021-06-06,40
2021-06-07,40
2021-06-08,40
2021-06-09,37
2021-06-10,34
2021-06-11,39
2021-06-12,37
2021-06-13,35
2021-06-14,35
2021-06-15,37
2021-06-16,32
2021-06-17,26
2021-06-18,21
2021-06-19,18
2021-06-20,10
2021-06-21,12
2021-06-22,22
2021-06-23,20
2021-06-24,21
2021-06-25,19
2021-06-26,18
2021-06-27,17
2021-06-28,18
2021-06-29,21
2021-06-30,17
2021-07-01,15
2021-07-02,10
2021-07-03,10
2021-07-04,8
2021-07-05,10
2021-07-06,7
2021-07-07,6
2021-07-08,5
2021-07-09,3
2021-07-10,3
2021-07-11,2
2021-07-12,4
2021-07-13,3
2021-07-14,3
2021-07-15,2
2021-07-16,2
2021-07-17,2
2021-07-18,0
2021-07-19,1
2021-07-20,2
2021-07-21,3
2021-07-22,4
2021-07-23,4
2021-07-24,2
2021-07-25,2
2021-07-26,3
2021-07-27,3
2021-07-28,2
2021-07-29,2
2021-07-30,0
2021-07-31,1
2021-08-01,1
2021-08-02,1
2021-08-03,2
2021-08-04,4
2021-08-05,4
2021-08-06,4
2021-08-07,4
2021-08-08,3
2021-08-09,5
2021-08-10,6
2021-08-11,3
2021-08-12,3
2021-08-13,4
2021-08-14,6
2021-08-15,5
2021-08-16,5
2021-08-17,5
2021-08-18,5
2021-08-19,5
2021-08-20,4
2021-08-21,4
2021-08-22,5
2021-08-23,6
2021-08-24,7
2021-08-25,7
2021-08-26,10
2021-08-27,9
2021-08-28,9
2021-08-29,9
2021-08-30,9
2021-08-31,9
2021-09-01,8
2021-09-02,6
2021-09-03,4
2021-09-04,3
2021-09-05,3
2021-09-06,2
2021-09-07,3
2021-09-08,1
2021-09-09,2
2021-09-10,5
2021-09-11,4
2021-09-12,5
2021-09-13,2
2021-09-14,4
2021-09-15,3
2021-09-16,3
2021-09-17,3
2021-09-18,3
2021-09-19,3
2021-09-20,3
2021-09-21,3
2021-09-22,3
2021-09-23,3
2021-09-24,2
2021-09-25,2
2021-09-26,0
2021-09-27,0
2021-09-28,0
2021-09-29,2
2021-09-30,4
2021-10-01,3
2021-10-02,3
2021-10-03,2
2021-10-04,2
2021-10-05,4
2021-10-06,5
2021-10-07,3
2021-10-08,6
2021-10-09,3
2021-10-10,2
2021-10-11,2
2021-10-12,4
2021-10-13,5
2021-10-14,6
2021-10-15,13
2021-10-16,4
2021-10-17,5
2021-10-18,7
2021-10-19,6
2021-10-20,7
2021-10-21,7
2021-10-22,9
2021-10-23,9
2021-10-24,9
2021-10-25,11
2021-10-26,11
2021-10-27,14
2021-10-28,10
2021-10-29,9
2021-10-30,11
2021-10-31,13
2021-11-01,13
2021-11-02,15
2021-11-03,15
2021-11-04,22
2021-11-05,21
2021-11-06,16
2021-11-07,15
2021-11-08,18
2021-11-09,31
2021-11-10,24
2021-11-11,34
2021-11-12,32
2021-11-13,34
2021-11-14,33
2021-11-15,37
2021-11-16,39
2021-11-17,40
2021-11-18,37
2021-11-19,34
2021-11-20,35
2021-11-21,33
2021-11-22,36
2021-11-23,38
2021-11-24,37
2021-11-25,37
2021-11-26,37
2021-11-27,38
2021-11-28,36
2021-11-29,38
2021-11-30,44
2021-12-01,37
2021-12-02,39
2021-12-03,39
2021-12-04,36
2021-12-05,37
2021-12-06,40
2021-12-07,42
2021-12-08,36
2021-12-09,35
2021-12-10,34
2021-12-11,34
2021-12-12,27
2021-12-13,27
2021-12-14,38
2021-12-15,32
2021-12-16,29
2021-12-17,27
2021-12-18,30
2021-12-19,31
2021-12-20,31
2021-12-21,31
2021-12-22,30
2021-12-23,34
2021-12-24,24
2021-12-25,28
2021-12-26,22
2021-12-27,30
2021-12-28,28
2021-12-29,28
2021-12-30,28
2021-12-31,38
2022-01-01,32
2022-01-02,44
2022-01-03,38
2022-01-04,45
2022-01-05,60
2020-04-02,58
2020-04-03,62
2020-04-04,77
2020-04-05,73
2020-04-06,90
2020-04-07,101
2020-04-08,100
2020-04-09,111
2020-04-10,131
2020-04-11,133
2020-04-12,146
2020-04-13,150
2020-04-14,163
2020-04-15,167
2020-04-16,179
2020-04-17,195
2020-04-18,205
2020-04-19,212
2020-04-20,212
2020-04-21,227
2020-04-22,218
2020-04-23,223
2020-04-24,228
2020-04-25,232
2020-04-26,235
2020-04-27,237
2020-04-28,254
2020-04-29,257
2020-04-30,243
2020-05-01,238
2020-05-02,208
2020-05-03,239
2020-05-04,244
2020-05-05,255
2020-05-06,256
2020-05-07,246
2020-05-08,231
2020-05-09,235
2020-05-10,233
2020-05-11,232
2020-05-12,232
2020-05-13,219
2020-05-14,207
2020-05-15,207
2020-05-16,198
2020-05-17,192
2020-05-18,188
2020-05-19,186
2020-05-20,187
2020-05-21,178
2020-05-22,175
2020-05-23,172
2020-05-24,165
2020-05-25,157
2020-05-26,158
2020-05-27,161
2020-05-28,152
2020-05-29,156
2020-05-30,161
2020-05-31,153
2020-06-01,154
2020-06-02,147
2020-06-03,147
2020-06-04,142
2020-06-05,138
2020-06-06,130
2020-06-07,113
2020-06-08,121
2020-06-09,121
2020-06-10,119
2020-06-11,110
2020-06-12,112
2020-06-13,104
2020-06-14,102
2020-06-15,102
2020-06-16,99
2020-06-17,93
2020-06-18,82
2020-06-19,82
2020-06-20,80
2020-06-21,66
2020-06-22,61
2020-06-23,62
2020-06-24,57
2020-06-25,60
2020-06-26,57
2020-06-27,54
2020-06-28,48
2020-06-29,49
2020-06-30,47
2020-07-01,41
2020-07-02,42
2020-07-03,45
2020-07-05,42
2020-07-06,42
2020-07-07,41
2020-07-08,41
2020-07-09,43
2020-07-10,42
2020-07-11,45
2020-07-12,44
2020-07-13,54
2020-07-14,55
2020-07-15,31
2020-07-16,29
2020-07-17,46
2020-07-18,45
2020-07-19,46
2020-07-20,48
2020-07-21,46
2020-07-22,46
2020-07-23,71
2020-07-24,66
2020-07-25,23
2020-07-26,23
2020-07-27,22
2020-07-28,23
2020-07-29,23
2020-07-30,17
2020-07-31,12
2020-08-01,11
2020-08-02,9
2020-08-03,10
2020-08-04,10
2020-08-05,9
2020-08-06,13
2020-08-07,11
2020-08-08,6
2020-08-09,6
2020-08-10,5
2020-08-11,10
2020-08-12,3
2020-08-13,2
2020-08-14,2
2020-08-15,2
2020-08-16,3
2020-08-17,3
2020-08-18,3
2020-08-19,2
2020-08-20,3
2020-08-21,3
2020-08-22,4
2020-08-23,4
2020-08-24,3
2020-08-25,5
2020-08-26,4
2020-08-27,4
2020-08-28,5
2020-08-29,5
2020-08-30,4
2020-08-31,4
2020-09-01,5
2020-09-02,4
2020-09-03,6
2020-09-04,5
2020-09-05,5
2020-09-06,4
2020-09-07,4
2020-09-08,3
2020-09-09,5
2020-09-10,4
2020-09-11,6
2020-09-12,9
2020-09-13,8
2020-09-14,10
2020-09-15,9
2020-09-16,9
2020-09-17,13
2020-09-18,16
2020-09-19,13
2020-09-20,13
2020-09-21,14
2020-09-22,18
2020-09-23,17
2020-09-24,17
2020-09-25,19
2020-09-26,21
2020-09-27,23
2020-09-28,28
2020-09-29,32
2020-09-30,36
2020-10-01,40
2020-10-02,41
2020-10-03,37
2020-10-04,44
2020-10-05,49
2020-10-06,52
2020-10-07,52
2020-10-08,55
2020-10-09,56
2020-10-10,52
2020-10-11,47
2020-10-12,45
2020-10-13,48
2020-10-14,53
2020-10-15,53
2020-10-16,53
2020-10-17,48
2020-10-18,47
2020-10-19,49
2020-10-20,54
2020-10-21,44
2020-10-22,47
2020-10-23,55
2020-10-24,61
2020-10-25,59
2020-10-26,58
2020-10-27,60
2020-10-28,68
2020-10-29,67
2020-10-30,65
2020-10-31,68
2020-11-01,70
2020-11-02,73
2020-11-03,79
2020-11-04,66
2020-11-05,74
2020-11-06,72
2020-11-07,74
2020-11-08,68
2020-11-09,66
2020-11-10,77
2020-11-11,72
2020-11-12,72
2020-11-13,66
2020-11-14,73
2020-11-15,77
2020-11-16,80
2020-11-17,86
2020-11-18,83
2020-11-19,79
2020-11-20,67
2020-11-21,75
2020-11-22,65
2020-11-23,60
2020-11-24,77
2020-11-25,72
2020-11-26,75
2020-11-27,84
2020-11-28,90
2020-11-29,82
2020-11-30,94
2020-12-01,101
2020-12-02,97
2020-12-03,96
2020-12-04,100
2020-12-05,101
2020-12-06,82
2020-12-07,98
2020-12-08,112
2020-12-09,119
2020-12-10,131
2020-12-11,124
2020-12-12,138
2020-12-13,137
2020-12-14,139
2020-12-15,152
2020-12-16,149
2020-12-17,136
2020-12-18,136
2020-12-19,137
2020-12-20,132
2020-12-21,144
2020-12-22,158
2020-12-23,164
2020-12-24,159
2020-12-25,165
2020-12-26,162
2020-12-27,153
2020-12-28,174
2020-12-29,192
2020-12-30,215
2020-12-31,212
2021-01-01,198
2021-01-02,203
2021-01-03,213
2021-01-04,234
2021-01-05,242
2021-01-06,253
2021-01-07,268
2021-01-08,270
2021-01-09,275
2021-01-10,278
2021-01-11,287
2021-01-12,308
2021-01-13,294
2021-01-14,292
2021-01-15,294
2021-01-16,297
2021-01-17,283
2021-01-18,275
2021-01-19,269
2021-01-20,260
2021-01-21,263
2021-01-22,283
2021-01-23,279
2021-01-24,290
2021-01-25,262
2021-01-26,275
2021-01-27,244
2021-01-28,229
2021-01-29,214
2021-01-30,236
2021-01-31,194
2021-02-01,203
2021-02-02,196
2021-02-03,190
2021-02-04,184
2021-02-05,175
2021-02-06,174
2021-02-07,171
2021-02-08,173
2021-02-09,176
2021-02-10,174
2021-02-11,151
2021-02-12,150
2021-02-13,150
2021-02-14,136
2021-02-15,128
2021-02-16,130
2021-02-17,130
2021-02-18,118
2021-02-19,116
2021-02-20,116
2021-02-21,114
2021-02-22,124
2021-02-23,126
2021-02-24,120
2021-02-25,130
2021-02-26,127
2021-02-27,120
2021-02-28,115
2021-03-01,113
2021-03-02,116
2021-03-03,108
2021-03-04,102
2021-03-05,96
2021-03-06,92
2021-03-07,86
2021-03-08,84
2021-03-09,90
2021-03-10,87
2021-03-11,100
2021-03-12,103
2021-03-13,102
2021-03-14,84
2021-03-15,98
2021-03-16,102
2021-03-17,99
2021-03-18,92
2021-03-19,101
2021-03-20,99
2021-03-21,115
2021-03-22,118
2021-03-23,121
2021-03-24,131
2021-03-25,148
2021-03-26,150
2021-03-27,166
2021-03-28,165
2021-03-29,169
2021-03-30,192
2021-03-31,197
2021-04-01,217
2021-04-02,227
2021-04-03,214
2021-04-04,238
2021-04-05,244
2021-04-06,247
2021-04-07,286
2021-04-08,270
2021-04-09,276
2021-04-10,285
2021-04-11,314
2021-04-12,334
2021-04-13,361
2021-04-14,360
2021-04-15,354
2021-04-16,352
2021-04-17,374
2021-04-18,383
2021-04-19,397
2021-04-20,408
2021-04-21,388
2021-04-22,372
2021-04-23,369
2021-04-24,374
2021-04-25,380
2021-04-26,389
2021-04-27,384
2021-04-28,365
2021-04-29,363
2021-04-30,351
2021-05-01,354
2021-05-02,337
2021-05-03,356
2021-05-04,370
2021-05-05,362
2021-05-06,351
2021-05-07,338
2021-05-08,324
2021-05-09,294
2021-05-10,302
2021-05-11,311
2021-05-12,298
2021-05-13,272
2021-05-14,260
2021-05-15,264
2021-05-16,219
2021-05-17,240
2021-05-18,249
2021-05-19,227
2021-05-20,202
2021-05-21,187
2021-05-22,167
2021-05-23,164
2021-05-24,162
2021-05-25,164
2021-05-26,165
2021-05-27,157
2021-05-28,147
2021-05-29,128
2021-05-30,106
2021-05-31,110
2021-06-01,107
2021-06-02,94
2021-06-03,88
2021-06-04,83
2021-06-05,78
2021-06-06,71
2021-06-07,65
2021-06-08,66
2021-06-09,57
2021-06-10,50
2021-06-11,44
2021-06-12,40
2021-06-13,34
2021-06-14,33
2021-06-15,29
2021-06-16,57
2021-06-17,29
2021-06-18,27
2021-06-19,25
2021-06-20,24
2021-06-21,24
2021-06-22,23
2021-06-23,20
2021-06-24,18
2021-06-25,17
2021-06-26,18
2021-06-27,20
2021-06-28,19
2021-06-29,18
2021-06-30,20
2021-07-01,18
2021-07-02,14
2021-07-03,12
2021-07-04,11
2021-07-05,11
2021-07-06,12
2021-07-07,12
2021-07-08,13
2021-07-09,10
2021-07-10,12
2021-07-11,12
2021-07-12,12
2021-07-13,11
2021-07-14,9
2021-07-15,10
2021-07-16,13
2021-07-17,11
2021-07-18,10
2021-07-19,14
2021-07-20,23
2021-07-21,15
2021-07-22,13
2021-07-23,13
2021-07-24,14
2021-07-25,11
2021-07-26,13
2021-07-27,8
2021-07-28,11
2021-07-29,9
2021-07-30,9
2021-07-31,9
2021-08-01,7
2021-08-02,9
2021-08-03,8
2021-08-04,10
2021-08-05,10
2021-08-06,9
2021-08-07,16
2021-08-08,12
2021-08-09,9
2021-08-10,7
2021-08-11,8
2021-08-12,7
2021-08-13,9
2021-08-14,10
2021-08-15,12
2021-08-16,14
2021-08-17,12
2021-08-18,16
2021-08-19,17
2021-08-20,18
2021-08-21,16
2021-08-22,15
2021-08-23,16
2021-08-24,33
2021-08-25,24
2021-08-26,20
2021-08-27,19
2021-08-28,56
2021-08-29,20
2021-08-30,23
2021-08-31,24
2021-09-01,29
2021-09-02,31
2021-09-03,30
2021-09-04,32
2021-09-05,33
2021-09-06,34
2021-09-07,40
2021-09-08,42
2021-09-09,43
2021-09-10,49
2021-09-11,50
2021-09-12,49
2021-09-13,72
2021-09-14,48
2021-09-15,42
2021-09-16,44
2021-09-17,42
2021-09-18,41
2021-09-19,33
2021-09-20,34
2021-09-21,60
2021-09-22,34
2021-09-23,36
2021-09-24,38
2021-09-25,32
2021-09-26,29
2021-09-27,28
2021-09-28,30
2021-09-29,26
2021-09-30,27
2021-10-01,26
2021-10-02,26
2021-10-03,27
2021-10-04,26
2021-10-05,24
2021-10-06,26
2021-10-07,28
2021-10-08,25
2021-10-09,20
2021-10-10,19
2021-10-11,19
2021-10-12,23
2021-10-13,25
2021-10-14,23
2021-10-15,23
2021-10-16,21
2021-10-17,17
2021-10-18,14
2021-10-19,17
2021-10-20,15
2021-10-21,18
2021-10-22,19
2021-10-23,19
2021-10-24,18
2021-10-25,18
2021-10-26,16
2021-10-27,17
2021-10-28,18
2021-10-29,21
2021-10-30,18
2021-10-31,15
2021-11-01,13
2021-11-02,15
2021-11-03,16
2021-11-04,16
2021-11-05,13
2021-11-06,11
2021-11-07,9
2021-11-08,9
2021-11-09,10
2021-11-10,11
2021-11-11,10
2021-11-12,9
2021-11-13,11
2021-11-14,12
2021-11-15,11
2021-11-16,8
2021-11-17,11
2021-11-18,12
2021-11-19,11
2021-11-20,9
2021-11-21,10
2021-11-22,11
2021-11-23,10
2021-11-24,11
2021-11-25,14
2021-11-26,14
2021-11-27,14
2021-11-28,16
2021-11-29,14
2021-11-30,16
2021-12-01,15
2021-12-02,15
2021-12-03,13
2021-12-04,10
2021-12-05,10
2021-12-06,12
2021-12-07,10
2021-12-08,20
2021-12-09,17
2021-12-10,17
2021-12-11,21
2021-12-12,26
2021-12-13,22
2021-12-14,20
2021-12-15,21
2021-12-16,19
2021-12-17,17
2021-12-18,23
2021-12-19,27
2021-12-20,33
2021-12-21,36
2021-12-22,40
2021-12-23,39
2021-12-24,66
2021-12-25,65
2021-12-26,82
2021-12-27,85
2021-12-28,100
2021-12-29,136
2021-12-30,163
2021-12-31,204
2022-01-01,222
2022-01-02,210
2022-01-03,246
2022-01-04,293
2022-01-05,323
2020-04-02,133
2020-04-03,134
2020-04-04,131
2020-04-05,143
2020-04-06,161
2020-04-07,167
2020-04-08,162
2020-04-09,167
2020-04-10,167
2020-04-11,174
2020-04-12,180
2020-04-13,174
2020-04-14,171
2020-04-15,168
2020-04-16,170
2020-04-17,174
2020-04-18,159
2020-04-19,154
2020-04-20,153
2020-04-21,161
2020-04-22,168
2020-04-23,171
2020-04-24,183
2020-04-25,181
2020-04-26,177
2020-04-27,180
2020-04-28,185
2020-04-29,189
2020-04-30,194
2020-05-01,213
2020-05-02,208
2020-05-03,211
2020-05-04,204
2020-05-05,198
2020-05-06,198
2020-05-07,203
2020-05-08,207
2020-05-09,197
2020-05-10,192
2020-05-11,196
2020-05-12,203
2020-05-13,207
2020-05-14,199
2020-05-15,194
2020-05-16,187
2020-05-17,212
2020-05-18,229
2020-05-19,226
2020-05-20,225
2020-05-21,213
2020-05-22,203
2020-05-23,192
2020-05-24,189
2020-05-25,183
2020-05-26,184
2020-05-27,169
2020-05-28,168
2020-05-29,161
2020-05-30,130
2020-05-31,146
2020-06-01,147
2020-06-02,152
2020-06-03,139
2020-06-04,135
2020-06-05,129
2020-06-06,107
2020-06-07,97
2020-06-08,96
2020-06-09,96
2020-06-10,81
2020-06-11,86
2020-06-12,82
2020-06-13,83
2020-06-14,68
2020-06-15,65
2020-06-16,61
2020-06-17,55
2020-06-18,45
2020-06-19,42
2020-06-20,44
2020-06-21,38
2020-06-22,38
2020-06-23,38
2020-06-24,41
2020-06-25,42
2020-06-26,41
2020-06-27,41
2020-06-28,37
2020-06-29,44
2020-06-30,43
2020-07-01,36
2020-07-02,26
2020-07-03,28
2020-07-05,28
2020-07-06,23
2020-07-07,20
2020-07-08,17
2020-07-09,18
2020-07-10,17
2020-07-11,16
2020-07-12,17
2020-07-13,18
2020-07-14,22
2020-07-15,23
2020-07-16,16
2020-07-17,14
2020-07-18,12
2020-07-19,11
2020-07-20,18
2020-07-21,21
2020-07-22,24
2020-07-23,26
2020-07-24,25
2020-07-25,22
2020-07-26,22
2020-07-27,23
2020-07-28,24
2020-07-29,21
2020-07-30,22
2020-07-31,21
2020-08-01,22
2020-08-02,21
2020-08-03,21
2020-08-04,23
2020-08-05,17
2020-08-06,16
2020-08-07,18
2020-08-08,19
2020-08-09,16
2020-08-10,16
2020-08-11,17
2020-08-12,15
2020-08-13,14
2020-08-14,12
2020-08-15,11
2020-08-16,13
2020-08-17,14
2020-08-18,15
2020-08-19,17
2020-08-20,14
2020-08-21,14
2020-08-22,13
2020-08-23,13
2020-08-24,13
2020-08-25,12
2020-08-26,11
2020-08-27,10
2020-08-28,12
2020-08-29,13
2020-08-30,14
2020-08-31,15
2020-09-01,25
2020-09-02,23
2020-09-03,23
2020-09-04,21
2020-09-05,14
2020-09-06,11
2020-09-07,12
2020-09-08,11
2020-09-09,10
2020-09-10,8
2020-09-11,8
2020-09-12,2
2020-09-13,2
2020-09-14,4
2020-09-15,4
2020-09-16,6
2020-09-17,6
2020-09-18,7
2020-09-19,8
2020-09-20,8
2020-09-21,8
2020-09-22,10
2020-09-23,11
2020-09-24,11
2020-09-25,9
2020-09-26,10
2020-09-27,9
2020-09-28,11
2020-09-29,11
2020-09-30,12
2020-10-01,12
2020-10-02,11
2020-10-03,11
2020-10-04,14
2020-10-05,14
2020-10-06,16
2020-10-07,15
2020-10-08,18
2020-10-09,18
2020-10-10,14
2020-10-11,17
2020-10-12,16
2020-10-13,19
2020-10-14,18
2020-10-15,19
2020-10-16,21
2020-10-17,37
2020-10-18,23
2020-10-19,24
2020-10-20,27
2020-10-21,29
2020-10-22,27
2020-10-23,27
2020-10-24,24
2020-10-25,23
2020-10-26,30
2020-10-27,28
2020-10-28,24
2020-10-29,30
2020-10-30,24
2020-10-31,26
2020-11-01,28
2020-11-02,30
2020-11-03,30
2020-11-04,30
2020-11-05,31
2020-11-06,36
2020-11-07,34
2020-11-08,37
2020-11-09,35
2020-11-10,37
2020-11-11,37
2020-11-12,43
2020-11-13,40
2020-11-14,63
2020-11-15,61
2020-11-16,70
2020-11-17,74
2020-11-18,75
2020-11-19,74
2020-11-20,81
2020-11-21,80
2020-11-22,84
2020-11-23,90
2020-11-24,94
2020-11-25,103
2020-11-26,110
2020-11-27,114
2020-11-28,124
2020-11-29,133
2020-11-30,140
2020-12-01,139
2020-12-02,150
2020-12-03,167
2020-12-04,175
2020-12-05,209
2020-12-06,211
2020-12-07,207
2020-12-08,232
2020-12-09,231
2020-12-10,224
2020-12-11,214
2020-12-12,236
2020-12-13,236
2020-12-14,245
2020-12-15,258
2020-12-16,253
2020-12-17,267
2020-12-18,263
2020-12-19,270
2020-12-20,263
2020-12-21,277
2020-12-22,280
2020-12-23,265
2020-12-24,257
2020-12-25,282
2020-12-26,288
2020-12-27,301
2020-12-28,330
2020-12-29,345
2020-12-30,353
2020-12-31,392
2021-01-01,388
2021-01-02,420
2021-01-03,427
2021-01-04,444
2021-01-05,445
2021-01-06,440
2021-01-07,435
2021-01-08,435
2021-01-09,426
2021-01-10,425
2021-01-11,446
2021-01-12,475
2021-01-13,465
2021-01-14,476
2021-01-15,485
2021-01-16,459
2021-01-17,484
2021-01-18,460
2021-01-19,481
2021-01-20,471
2021-01-21,465
2021-01-22,455
2021-01-23,450
2021-01-24,418
2021-01-25,433
2021-01-26,447
2021-01-27,428
2021-01-28,408
2021-01-29,398
2021-01-30,363
2021-01-31,353
2021-02-01,353
2021-02-02,352
2021-02-03,329
2021-02-04,308
2021-02-05,287
2021-02-06,285
2021-02-07,262
2021-02-08,248
2021-02-09,261
2021-02-10,239
2021-02-11,216
2021-02-12,195
2021-02-13,178
2021-02-14,189
2021-02-15,187
2021-02-16,197
2021-02-17,192
2021-02-18,182
2021-02-19,162
2021-02-20,157
2021-02-21,164
2021-02-22,170
2021-02-23,169
2021-02-24,160
2021-02-25,172
2021-02-26,157
2021-02-27,171
2021-02-28,169
2021-03-01,168
2021-03-02,166
2021-03-03,169
2021-03-04,162
2021-03-05,157
2021-03-06,160
2021-03-07,161
2021-03-08,180
2021-03-09,184
2021-03-10,163
2021-03-11,163
2021-03-12,149
2021-03-13,152
2021-03-14,153
2021-03-15,176
2021-03-16,200
2021-03-17,191
2021-03-18,194
2021-03-19,202
2021-03-20,196
2021-03-21,195
2021-03-22,205
2021-03-23,191
2021-03-24,192
2021-03-25,196
2021-03-26,197
2021-03-27,206
2021-03-28,204
2021-03-29,211
2021-03-30,218
2021-03-31,202
2021-04-01,198
2021-04-02,203
2021-04-03,187
2021-04-04,194
2021-04-05,207
2021-04-06,222
2021-04-07,227
2021-04-08,225
2021-04-09,234
2021-04-10,233
2021-04-11,248
2021-04-12,271
2021-04-13,312
2021-04-14,342
2021-04-15,342
2021-04-16,346
2021-04-17,382
2021-04-18,405
2021-04-19,417
2021-04-20,471
2021-04-21,484
2021-04-22,504
2021-04-23,518
2021-04-24,520
2021-04-25,544
2021-04-26,552
2021-04-27,569
2021-04-28,570
2021-04-29,579
2021-04-30,592
2021-05-01,567
2021-05-02,567
2021-05-03,570
2021-05-04,573
2021-05-05,545
2021-05-06,532
2021-05-07,544
2021-05-08,520
2021-05-09,530
2021-05-10,524
2021-05-11,508
2021-05-12,475
2021-05-13,457
2021-05-14,441
2021-05-15,411
2021-05-16,391
2021-05-17,381
2021-05-18,383
2021-05-19,369
2021-05-20,357
2021-05-21,339
2021-05-22,313
2021-05-23,376
2021-05-24,281
2021-05-25,306
2021-05-26,302
2021-05-27,278
2021-05-28,264
2021-05-29,253
2021-05-30,223
2021-05-31,216
2021-06-01,223
2021-06-02,204
2021-06-03,199
2021-06-04,205
2021-06-05,199
2021-06-06,183
2021-06-07,185
2021-06-08,175
2021-06-09,178
2021-06-10,160
2021-06-11,162
2021-06-12,151
2021-06-13,143
2021-06-14,157
2021-06-15,183
2021-06-16,166
2021-06-17,170
2021-06-18,182
2021-06-19,164
2021-06-20,155
2021-06-21,153
2021-06-22,161
2021-06-23,144
2021-06-24,144
2021-06-25,141
2021-06-26,141
2021-06-27,136
2021-06-28,138
2021-06-29,142
2021-06-30,146
2021-07-01,137
2021-07-02,126
2021-07-03,128
2021-07-04,115
2021-07-05,119
2021-07-06,127
2021-07-07,122
2021-07-08,110
2021-07-09,107
2021-07-10,94
2021-07-11,89
2021-07-12,95
2021-07-13,93
2021-07-14,99
2021-07-15,91
2021-07-16,85
2021-07-17,83
2021-07-18,82
2021-07-19,81
2021-07-20,81
2021-07-21,70
2021-07-22,77
2021-07-23,68
2021-07-24,58
2021-07-25,55
2021-07-26,62
2021-07-27,66
2021-07-28,62
2021-07-29,51
2021-07-30,57
2021-07-31,57
2021-08-01,58
2021-08-02,60
2021-08-03,61
2021-08-04,63
2021-08-05,54
2021-08-06,51
2021-08-07,56
2021-08-08,54
2021-08-09,62
2021-08-10,55
2021-08-11,49
2021-08-12,54
2021-08-13,59
2021-08-14,70
2021-08-15,75
2021-08-16,88
2021-08-17,92
2021-08-18,95
2021-08-19,97
2021-08-20,102
2021-08-21,110
2021-08-22,118
2021-08-23,128
2021-08-24,135
2021-08-25,127
2021-08-26,136
2021-08-27,140
2021-08-28,128
2021-08-29,145
2021-08-30,133
2021-08-31,132
2021-09-01,128
2021-09-02,120
2021-09-03,126
2021-09-04,113
2021-09-05,128
2021-09-06,144
2021-09-07,148
2021-09-08,154
2021-09-09,147
2021-09-10,145
2021-09-11,141
2021-09-12,129
2021-09-13,131
2021-09-14,149
2021-09-15,139
2021-09-16,128
2021-09-17,119
2021-09-18,130
2021-09-19,125
2021-09-20,128
2021-09-21,129
2021-09-22,134
2021-09-23,132
2021-09-24,126
2021-09-25,137
2021-09-26,141
2021-09-27,117
2021-09-28,144
2021-09-29,129
2021-09-30,161
2021-10-01,123
2021-10-02,118
2021-10-03,101
2021-10-04,105
2021-10-05,107
2021-10-06,110
2021-10-07,117
2021-10-08,104
2021-10-09,101
2021-10-10,94
2021-10-11,94
2021-10-12,104
2021-10-13,102
2021-10-14,106
2021-10-15,100
2021-10-16,102
2021-10-17,107
2021-10-18,104
2021-10-19,106
2021-10-20,105
2021-10-21,110
2021-10-22,103
2021-10-23,105
2021-10-24,94
2021-10-25,100
2021-10-26,105
2021-10-27,96
2021-10-28,92
2021-10-29,94
2021-10-30,101
2021-10-31,85
2021-11-01,86
2021-11-02,100
2021-11-03,95
2021-11-04,91
2021-11-05,92
2021-11-06,97
2021-11-07,95
2021-11-08,104
2021-11-09,108
2021-11-10,108
2021-11-11,111
2021-11-12,124
2021-11-13,119
2021-11-14,127
2021-11-15,144
2021-11-16,142
2021-11-17,132
2021-11-18,128
2021-11-19,129
2021-11-20,124
2021-11-21,115
2021-11-22,115
2021-11-23,115
2021-11-24,119
2021-11-25,99
2021-11-26,111
2021-11-27,109
2021-11-28,106
2021-11-29,109
2021-11-30,108
2021-12-01,119
2021-12-02,119
2021-12-03,111
2021-12-04,112
2021-12-05,113
2021-12-06,123
2021-12-07,138
2021-12-08,133
2021-12-09,130
2021-12-10,130
2021-12-11,132
2021-12-12,128
2021-12-13,144
2021-12-14,165
2021-12-15,166
2021-12-16,174
2021-12-17,179
2021-12-18,186
2021-12-19,188
2021-12-20,191
2021-12-21,184
2021-12-22,191
2021-12-23,195
2021-12-24,220
2021-12-25,229
2021-12-26,240
2021-12-27,269
2021-12-28,290
2021-12-29,314
2021-12-30,361
2021-12-31,397
2022-01-01,432
2022-01-02,460
2022-01-03,506
2022-01-04,575
2022-01-05,648
