Date,ACT_Hsi_RSS01,ACT_Hsi_RSS02,ACT_Hsi_RSS03,ACT_Hsi_RSS04,ACT_Hsi_RSS05,ACT_Hsi_RSS06,ACT_Hsi_RSS07,ACT_Hsi_RSS08,ACT_Hsi_RSS09,ACT_Hsi_RSS10,ACT_Hsi_RSS11,ACT_Hsi_RSS12,ACT_Hsi_RSS13,ACT_Hsi_RSS14,ACT_Hsi_RSS15,ACT_Hsi_RSS16,ACT_Hsi_RSS17,ACT_Hsi_RSS18,ACT_Hsi_RSS99,ACT_Si_RSS01,ACT_Si_RSS02,ACT_Si_RSS03,ACT_Si_RSS04,ACT_Si_RSS05,ACT_Si_RSS06,ACT_Si_RSS07,ACT_Si_RSS08,ACT_Si_RSS09,ACT_Si_RSS10,ACT_Si_RSS11,ACT_Si_RSS12,ACT_Si_RSS13,ACT_Si_RSS14,ACT_Si_RSS15,ACT_Si_RSS16,ACT_Si_RSS17,ACT_Si_RSS18,ACT_Si_RSS99,ACT_Total_RSS01,ACT_Total_RSS02,ACT_Total_RSS03,ACT_Total_RSS04,ACT_Total_RSS05,ACT_Total_RSS06,ACT_Total_RSS07,ACT_Total_RSS08,ACT_Total_RSS09,ACT_Total_RSS10,ACT_Total_RSS11,ACT_Total_RSS12,ACT_Total_RSS13,ACT_Total_RSS14,ACT_Total_RSS15,ACT_Total_RSS16,ACT_Total_RSS17,ACT_Total_RSS18,ACT_Total_RSS99
2022-01-05,20,36,104,125,95,627,48,10,5,2,3,95,66,85,104,319,2,0,1746,1,9,19,16,18,94,4,1,0,0,0,11,5,11,8,10,0,0,207,21,45,123,141,113,721,52,11,5,2,3,106,71,96,112,329,2,0,1953
2022-01-04,14,34,80,111,85,569,42,8,6,3,3,81,64,79,101,278,1,0,1559,1,10,20,13,15,80,3,1,0,0,0,11,6,11,8,12,0,0,191,15,44,100,124,100,649,45,9,6,3,3,92,70,90,109,290,1,0,1750
2022-01-03,15,25,79,89,75,519,27,9,4,1,4,72,60,70,95,262,1,0,1407,0,9,15,13,14,79,3,2,0,0,0,12,5,14,8,11,0,0,185,15,34,94,102,89,598,30,11,4,1,4,84,65,84,103,273,1,0,1592
2022-01-02,17,26,67,71,62,435,32,6,3,1,4,64,54,67,91,214,1,0,1215,0,6,13,14,14,81,3,2,0,0,0,12,6,12,7,11,0,0,181,17,32,80,85,76,516,35,8,3,1,4,76,60,79,98,225,1,0,1396
2022-01-01,14,26,61,66,61,364,30,6,3,1,1,48,48,62,88,190,0,0,1069,1,5,13,10,14,64,3,3,0,0,1,13,5,12,6,12,0,0,162,15,31,74,76,75,428,33,9,3,1,2,61,53,74,94,202,0,0,1231
2021-12-31,8,20,58,63,68,357,24,8,3,1,1,46,42,54,79,176,0,0,1008,1,5,10,12,15,65,2,3,0,0,0,9,4,9,6,12,0,0,153,9,25,68,75,83,422,26,11,3,1,1,55,46,63,85,188,0,0,1161
2021-12-30,7,22,58,55,69,297,21,9,3,1,0,37,37,54,70,172,0,0,912,1,5,9,11,14,62,1,4,0,0,0,12,5,7,8,12,0,0,151,8,27,67,66,83,359,22,13,3,1,0,49,42,61,78,184,0,0,1063
2021-12-29,8,17,45,50,62,269,11,7,2,1,0,31,36,47,57,158,0,0,801,1,6,12,8,12,58,1,4,0,0,0,9,3,6,7,11,0,0,138,9,23,57,58,74,327,12,11,2,1,0,40,39,53,64,169,0,0,939
2021-12-28,4,13,32,42,55,231,11,7,2,0,0,29,36,37,46,137,0,0,682,1,3,7,9,10,59,1,2,0,0,0,7,2,5,6,10,0,0,122,5,16,39,51,65,290,12,9,2,0,0,36,38,42,52,147,0,0,804
2021-12-27,2,14,23,40,47,191,10,7,2,0,0,28,31,34,46,112,0,0,587,1,3,6,8,11,55,2,1,0,0,0,6,2,5,5,10,0,0,115,3,17,29,48,58,246,12,8,2,0,0,34,33,39,51,122,0,0,702
2021-12-26,1,8,24,35,42,170,7,8,2,0,0,21,31,29,33,94,0,0,505,1,4,6,7,11,50,2,1,0,0,0,7,2,3,5,10,0,0,109,2,12,30,42,53,220,9,9,2,0,0,28,33,32,38,104,0,0,614
2021-12-25,0,4,12,18,38,119,4,1,2,0,0,13,21,21,23,63,0,0,339,0,4,3,8,13,38,2,1,0,0,0,3,3,2,3,8,0,0,88,0,8,15,26,51,157,6,2,2,0,0,16,24,23,26,71,0,0,427
2021-12-24,0,5,13,23,35,136,4,1,2,0,0,15,23,24,23,65,0,0,369,0,4,3,9,11,39,2,2,0,0,0,3,3,2,3,8,0,0,89,0,9,16,32,46,175,6,3,2,0,0,18,26,26,26,73,0,0,458
2021-12-23,0,7,15,25,40,144,5,2,2,0,0,15,24,26,25,66,0,0,396,1,4,3,9,8,44,2,2,0,0,0,3,3,2,3,9,0,0,93,1,11,18,34,48,188,7,4,2,0,0,18,27,28,28,75,0,0,489
2021-12-22,1,8,12,30,37,137,6,1,3,0,0,12,24,23,20,68,0,0,382,1,3,2,9,8,44,1,3,0,0,0,3,2,3,3,9,0,0,91,2,11,14,39,45,181,7,4,3,0,0,15,26,26,23,77,0,0,473
2021-12-21,1,9,8,29,37,129,3,1,2,0,0,11,26,23,20,58,0,0,357,0,1,1,7,6,49,1,2,0,0,0,2,3,4,4,8,0,0,88,1,10,9,36,43,178,4,3,2,0,0,13,29,27,24,66,0,0,445
2021-12-20,1,4,7,24,34,117,3,2,2,0,0,10,25,20,22,56,0,0,327,0,0,1,8,7,49,1,2,0,0,0,2,1,5,3,9,0,0,88,1,4,8,32,41,166,4,4,2,0,0,12,26,25,25,65,0,0,415
2021-12-19,2,3,10,22,36,115,4,2,2,0,0,9,22,18,21,49,0,0,315,0,0,1,6,5,51,1,2,0,0,0,1,1,4,4,6,0,0,82,2,3,11,28,41,166,5,4,2,0,0,10,23,22,25,55,0,0,397
2021-12-18,3,4,7,18,36,110,5,2,2,0,0,7,21,15,19,48,0,0,297,0,1,2,8,4,44,1,2,0,0,0,1,1,4,5,6,0,0,79,3,5,9,26,40,154,6,4,2,0,0,8,22,19,24,54,0,0,376
2021-12-17,3,5,7,13,28,100,5,2,2,0,0,7,21,17,17,46,0,0,273,1,1,2,5,5,42,1,1,0,0,0,2,2,4,4,4,0,0,74,4,6,9,18,33,142,6,3,2,0,0,9,23,21,21,50,0,0,347
2021-12-16,2,5,7,8,31,90,3,2,2,0,0,7,20,15,17,41,0,0,250,0,1,2,3,4,32,1,1,0,0,0,2,2,4,5,5,0,0,62,2,6,9,11,35,122,4,3,2,0,0,9,22,19,22,46,0,0,312
2021-12-15,2,3,10,8,30,87,2,2,2,0,0,6,19,13,17,41,0,0,242,0,1,2,4,5,31,1,1,0,0,0,2,2,4,3,7,0,0,63,2,4,12,12,35,118,3,3,2,0,0,8,21,17,20,48,0,0,305
2021-12-14,2,5,8,11,27,79,4,3,2,0,0,6,15,12,15,47,0,0,236,0,2,2,4,7,34,2,1,0,0,0,2,3,5,4,7,0,0,73,2,7,10,15,34,113,6,4,2,0,0,8,18,17,19,54,0,0,309
2021-12-13,1,5,7,11,25,71,4,1,2,0,0,4,14,12,16,45,0,0,218,1,2,2,4,8,35,2,2,0,0,0,1,3,4,5,6,0,0,75,2,7,9,15,33,106,6,3,2,0,0,5,17,16,21,51,0,0,293
2021-12-12,0,5,6,8,24,65,5,1,2,0,0,4,12,9,16,38,0,0,195,2,2,1,5,8,31,2,3,0,0,0,2,3,4,4,6,0,0,73,2,7,7,13,32,96,7,4,2,0,0,6,15,13,20,44,0,0,268
2021-12-11,0,2,5,9,20,66,6,3,2,0,0,4,15,7,16,39,0,0,194,2,1,2,4,9,30,0,3,0,0,0,2,3,3,4,5,0,0,68,2,3,7,13,29,96,6,6,2,0,0,6,18,10,20,44,0,0,262
2021-12-10,0,2,6,8,16,67,5,3,2,0,0,4,16,8,12,38,1,0,188,2,0,1,4,9,28,1,2,0,0,0,1,3,3,4,5,0,0,63,2,2,7,12,25,95,6,5,2,0,0,5,19,11,16,43,1,0,251
2021-12-09,0,4,7,9,15,71,4,3,2,0,0,3,14,8,17,36,1,0,194,2,0,1,2,10,29,1,1,0,0,0,2,3,2,3,6,0,0,62,2,4,8,11,25,100,5,4,2,0,0,5,17,10,20,42,1,0,256
2021-12-08,1,4,6,10,15,73,4,2,2,0,0,4,14,10,14,35,1,0,195,2,0,1,2,10,30,1,1,0,0,0,2,1,1,3,6,0,0,60,3,4,7,12,25,103,5,3,2,0,0,6,15,11,17,41,1,0,255
2021-12-07,1,5,5,7,14,67,4,2,2,0,0,6,14,9,15,32,0,0,183,2,0,1,2,10,30,1,0,0,0,0,2,1,1,3,6,0,0,59,3,5,6,9,24,97,5,2,2,0,0,8,15,10,18,38,0,0,242
2021-12-06,1,4,6,7,15,65,4,1,2,0,0,4,14,9,13,32,0,0,177,2,0,1,2,8,29,1,0,0,0,0,3,1,1,3,7,0,0,58,3,4,7,9,23,94,5,1,2,0,0,7,15,10,16,39,0,0,235
2021-12-05,1,3,5,7,9,65,3,1,2,0,0,4,13,11,14,26,0,0,164,2,0,2,2,8,31,1,0,0,0,0,3,2,1,3,7,0,0,62,3,3,7,9,17,96,4,1,2,0,0,7,15,12,17,33,0,0,226
2021-12-04,1,3,5,7,10,63,3,1,2,0,0,3,12,9,17,24,0,0,160,2,0,2,1,7,31,1,0,0,0,0,3,2,2,3,5,0,0,59,3,3,7,8,17,94,4,1,2,0,0,6,14,11,20,29,0,0,219
2021-12-03,1,3,6,7,10,67,3,2,2,0,0,3,12,7,17,25,0,0,165,1,0,1,1,7,31,1,0,0,0,0,4,3,2,4,5,0,0,60,2,3,7,8,17,98,4,2,2,0,0,7,15,9,21,30,0,0,225
2021-12-02,1,3,6,7,10,74,3,2,2,0,0,3,14,7,17,24,0,0,173,1,0,1,2,6,29,1,1,0,0,0,2,3,2,4,5,0,0,57,2,3,7,9,16,103,4,3,2,0,0,5,17,9,21,29,0,0,230
2021-12-01,2,3,5,8,11,67,3,3,2,0,0,3,16,8,17,26,0,0,174,1,0,1,1,7,26,1,1,0,0,0,2,3,2,4,4,0,0,53,3,3,6,9,18,93,4,4,2,0,0,5,19,10,21,30,0,0,227
2021-11-30,2,3,5,10,13,69,3,3,2,0,0,3,17,8,18,30,1,0,187,1,0,0,1,5,29,1,1,0,0,0,2,4,1,2,5,0,0,52,3,3,5,11,18,98,4,4,2,0,0,5,21,9,20,35,1,0,239
2021-11-29,3,3,4,12,12,66,3,2,2,0,0,3,17,8,16,25,0,0,176,1,0,0,1,3,31,1,0,0,0,0,2,3,1,2,6,0,0,51,4,3,4,13,15,97,4,2,2,0,0,5,20,9,18,31,0,0,227
2021-11-28,3,3,3,11,8,70,4,3,2,0,0,3,14,11,20,26,0,0,181,1,0,0,1,4,26,2,0,0,0,0,1,2,1,1,6,0,0,45,4,3,3,12,12,96,6,3,2,0,0,4,16,12,21,32,0,0,226
2021-11-27,4,3,4,10,6,66,4,3,2,0,0,5,12,8,18,23,0,0,168,1,0,0,1,5,28,1,0,0,0,0,1,2,1,2,6,0,0,48,5,3,4,11,11,94,5,3,2,0,0,6,14,9,20,29,0,0,216
2021-11-26,2,3,3,9,5,64,4,2,2,0,0,6,11,10,14,22,0,0,157,2,0,1,1,3,27,1,1,0,0,0,1,1,1,3,6,0,0,48,4,3,4,10,8,91,5,3,2,0,0,7,12,11,17,28,0,0,205
2021-11-25,0,3,4,8,7,67,4,2,2,0,0,8,10,11,11,25,1,0,163,3,0,1,1,1,25,1,1,0,0,0,1,2,1,3,3,0,0,43,3,3,5,9,8,92,5,3,2,0,0,9,12,12,14,28,1,0,206
2021-11-24,0,3,3,7,9,66,4,2,3,0,0,8,10,11,14,23,2,0,165,2,0,2,1,0,27,1,1,0,0,0,1,2,1,4,3,0,0,45,2,3,5,8,9,93,5,3,3,0,0,9,12,12,18,26,2,0,210
2021-11-23,0,3,4,4,11,69,4,2,3,0,0,8,9,9,13,24,2,0,165,2,0,2,1,0,28,2,1,0,0,0,1,2,1,3,3,0,0,46,2,3,6,5,11,97,6,3,3,0,0,9,11,10,16,27,2,0,211
2021-11-22,0,3,4,3,8,70,4,2,3,0,0,6,10,10,11,21,2,0,157,1,0,2,1,1,31,2,1,0,0,0,1,1,1,2,2,0,0,46,1,3,6,4,9,101,6,3,3,0,0,7,11,11,13,23,2,0,203
2021-11-21,0,2,5,4,11,65,4,2,3,0,0,4,11,11,11,23,2,0,158,1,1,2,0,1,30,2,1,0,0,0,1,1,2,2,2,0,0,46,1,3,7,4,12,95,6,3,3,0,0,5,12,13,13,25,2,0,204
2021-11-20,0,2,5,5,10,66,4,2,3,0,0,5,10,11,10,23,2,0,158,1,1,2,0,1,26,2,2,0,0,0,0,0,3,1,2,0,0,41,1,3,7,5,11,92,6,4,3,0,0,5,10,14,11,25,2,0,199
2021-11-19,3,2,6,4,8,64,4,1,3,0,0,4,8,12,11,24,2,0,156,0,1,1,0,2,28,3,2,0,0,0,1,0,4,1,2,0,0,45,3,3,7,4,10,92,7,3,3,0,0,5,8,16,12,26,2,0,201
2021-11-18,3,2,5,4,8,64,5,1,3,0,0,6,8,14,11,20,2,0,156,0,1,2,0,1,30,2,2,0,0,0,1,0,3,1,2,0,0,45,3,3,7,4,9,94,7,3,3,0,0,7,8,17,12,22,2,0,201
2021-11-17,2,1,5,4,7,69,5,1,4,0,1,7,8,13,10,20,2,0,159,1,0,2,1,1,30,2,2,0,0,0,1,0,2,2,2,0,0,46,3,1,7,5,8,99,7,3,4,0,1,8,8,15,12,22,2,0,205
2021-11-16,2,1,5,5,7,63,4,0,4,0,0,7,9,10,9,20,2,0,148,1,0,2,1,1,31,2,2,0,0,0,1,0,2,2,2,0,0,47,3,1,7,6,8,94,6,2,4,0,0,8,9,12,11,22,2,0,195
2021-11-15,1,2,5,5,7,70,4,0,4,0,0,7,7,10,8,20,3,0,153,1,0,2,1,1,30,2,2,0,0,0,1,1,2,2,2,0,0,47,2,2,7,6,8,100,6,2,4,0,0,8,8,12,10,22,3,0,200
2021-11-14,1,2,7,5,9,72,4,0,4,0,0,6,8,11,7,22,2,0,160,1,0,1,1,1,28,2,2,0,0,0,1,1,1,1,2,0,0,42,2,2,8,6,10,100,6,2,4,0,0,7,9,12,8,24,2,0,202
2021-11-13,0,1,7,4,8,69,4,0,4,0,0,4,8,10,7,20,1,0,147,1,0,1,2,1,28,2,2,0,0,0,0,2,1,0,2,0,0,42,1,1,8,6,9,97,6,2,4,0,0,4,10,11,7,22,1,0,189
2021-11-12,0,0,6,3,8,73,4,0,4,0,0,6,9,13,7,20,1,0,154,1,1,1,3,1,30,2,0,0,0,0,0,2,1,0,2,0,0,44,1,1,7,6,9,103,6,0,4,0,0,6,11,14,7,22,1,0,198
2021-11-11,0,0,6,1,8,75,5,0,4,0,0,7,11,14,7,25,2,0,165,1,1,2,2,0,26,2,0,0,0,0,1,2,1,0,2,0,0,40,1,1,8,3,8,101,7,0,4,0,0,8,13,15,7,27,2,0,205
2021-11-10,0,0,6,2,7,82,5,0,4,0,0,7,11,15,7,26,1,0,173,1,2,3,2,1,23,2,0,0,0,0,1,3,2,0,2,0,0,42,1,2,9,4,8,105,7,0,4,0,0,8,14,17,7,28,1,0,215
2021-11-09,0,0,4,3,9,80,5,0,4,0,0,8,12,15,7,26,2,0,175,1,2,3,2,1,23,2,0,0,0,0,1,3,3,0,4,0,0,45,1,2,7,5,10,103,7,0,4,0,0,9,15,18,7,30,2,0,220
2021-11-08,0,1,4,4,7,82,5,0,4,0,0,9,10,13,7,26,2,0,174,1,2,2,2,1,24,2,0,0,0,0,1,4,3,0,3,0,0,45,1,3,6,6,8,106,7,0,4,0,0,10,14,16,7,29,2,0,219
2021-11-07,1,4,4,3,7,81,5,0,4,0,0,10,10,13,8,25,2,0,177,1,2,1,2,1,28,2,0,0,0,0,1,4,2,1,3,0,0,48,2,6,5,5,8,109,7,0,4,0,0,11,14,15,9,28,2,0,225
2021-11-06,1,4,5,2,8,76,5,0,4,0,0,9,11,13,9,28,2,0,177,1,2,1,2,1,30,2,0,0,0,0,1,4,2,1,3,0,0,50,2,6,6,4,9,106,7,0,4,0,0,10,15,15,10,31,2,0,227
2021-11-05,1,4,4,4,9,77,5,1,5,0,0,9,10,13,10,26,0,0,178,1,2,1,2,1,31,2,0,0,0,0,1,3,2,1,4,0,0,51,2,6,5,6,10,108,7,1,5,0,0,10,13,15,11,30,0,0,229
2021-11-04,1,4,3,5,12,79,5,1,5,0,0,9,10,13,11,25,0,0,183,1,2,2,2,1,37,2,0,0,0,0,1,2,2,1,4,0,0,57,2,6,5,7,13,116,7,1,5,0,0,10,12,15,12,29,0,0,240
2021-11-03,1,4,3,7,10,73,5,1,6,0,0,7,9,15,12,24,1,0,178,1,2,3,2,1,39,2,0,0,0,0,2,2,2,2,5,0,0,63,2,6,6,9,11,112,7,1,6,0,0,9,11,17,14,29,1,0,241
2021-11-02,1,6,2,6,9,72,7,1,6,0,0,8,9,13,14,23,1,0,178,1,1,2,3,1,43,2,0,0,0,0,2,2,3,4,6,0,0,70,2,7,4,9,10,115,9,1,6,0,0,10,11,16,18,29,1,0,248
2021-11-01,1,5,2,4,9,69,8,3,6,0,0,8,9,13,14,26,2,0,179,1,1,2,4,1,41,3,0,0,0,0,2,2,3,4,7,0,0,71,2,6,4,8,10,110,11,3,6,0,0,10,11,16,18,33,2,0,250
2021-10-31,1,5,3,3,9,72,7,3,6,0,0,9,9,13,13,24,0,0,177,1,1,2,3,0,39,3,0,0,0,0,2,3,2,4,7,0,0,67,2,6,5,6,9,111,10,3,6,0,0,11,12,15,17,31,0,0,244
2021-10-30,1,6,3,4,8,74,7,3,6,0,0,5,8,11,14,24,0,0,174,1,0,1,3,2,36,3,0,0,0,0,1,3,2,4,6,0,0,62,2,6,4,7,10,110,10,3,6,0,0,6,11,13,18,30,0,0,236
2021-10-29,2,7,2,3,8,73,7,4,6,0,0,6,8,12,13,26,0,0,177,1,0,1,4,2,39,3,0,0,0,0,1,3,2,5,6,0,0,67,3,7,3,7,10,112,10,4,6,0,0,7,11,14,18,32,0,0,244
2021-10-28,1,7,3,3,10,77,7,4,6,0,0,5,9,13,13,24,0,0,182,1,0,2,3,2,38,3,0,0,0,0,2,3,2,6,6,0,0,68,2,7,5,6,12,115,10,4,6,0,0,7,12,15,19,30,0,0,250
2021-10-27,1,8,3,5,10,76,7,4,6,0,0,4,10,13,13,27,0,0,187,1,0,1,3,2,39,3,0,0,0,0,2,3,2,4,7,0,0,67,2,8,4,8,12,115,10,4,6,0,0,6,13,15,17,34,0,0,254
2021-10-26,1,8,3,4,10,76,9,4,6,0,0,2,10,15,17,26,0,0,191,1,1,1,4,1,38,3,0,0,0,0,3,0,2,4,8,0,0,66,2,9,4,8,11,114,12,4,6,0,0,5,10,17,21,34,0,0,257
2021-10-25,1,6,3,3,9,75,9,5,6,0,0,5,10,16,15,29,1,0,193,1,2,0,4,1,39,3,0,0,0,0,3,0,1,4,8,0,0,66,2,8,3,7,10,114,12,5,6,0,0,8,10,17,19,37,1,0,259
2021-10-24,3,4,4,5,10,70,10,5,6,0,0,4,8,17,14,30,0,0,190,1,2,0,3,2,41,4,0,0,0,0,3,0,1,4,8,0,0,69,4,6,4,8,12,111,14,5,6,0,0,7,8,18,18,38,0,0,259
2021-10-23,2,2,5,4,11,65,9,5,6,0,0,3,10,16,14,33,0,0,185,1,1,0,3,2,40,4,0,0,0,0,3,0,1,4,6,0,0,65,3,3,5,7,13,105,13,5,6,0,0,6,10,17,18,39,0,0,250
2021-10-22,2,2,5,3,11,62,11,5,6,0,0,5,13,17,14,31,0,0,187,1,2,0,3,2,40,4,0,0,0,0,2,0,2,5,7,0,0,68,3,4,5,6,13,102,15,5,6,0,0,7,13,19,19,38,0,0,255
2021-10-21,1,3,4,4,10,67,11,3,7,0,0,5,12,18,16,31,0,0,192,1,2,0,2,2,40,4,1,0,0,0,2,0,3,4,7,0,0,68,2,5,4,6,12,107,15,4,7,0,0,7,12,21,20,38,0,0,260
2021-10-20,2,3,3,3,12,67,11,4,7,0,0,8,12,22,16,31,1,0,202,1,3,0,3,3,44,4,0,0,0,0,2,0,1,5,6,0,0,72,3,6,3,6,15,111,15,4,7,0,0,10,12,23,21,37,1,0,274
2021-10-19,2,2,2,4,13,77,11,0,7,0,0,8,9,26,19,34,1,0,215,1,2,1,3,3,41,4,0,0,0,0,2,3,1,5,6,0,0,72,3,4,3,7,16,118,15,0,7,0,0,10,12,27,24,40,1,0,287
2021-10-18,2,1,2,5,13,81,12,0,7,0,0,8,10,25,21,34,1,0,222,1,3,1,3,3,43,4,0,0,0,0,2,3,1,5,6,0,0,75,3,4,3,8,16,124,16,0,7,0,0,10,13,26,26,40,1,0,297
2021-10-17,2,1,3,2,11,89,12,0,7,0,0,9,13,23,21,33,0,0,226,1,2,2,4,2,43,4,0,0,0,0,2,3,2,6,6,0,0,77,3,3,5,6,13,132,16,0,7,0,0,11,16,25,27,39,0,0,303
2021-10-16,2,1,4,3,11,87,11,0,7,0,0,9,13,20,23,36,0,0,227,1,1,1,4,2,46,4,0,0,0,0,1,2,2,6,6,0,0,76,3,2,5,7,13,133,15,0,7,0,0,10,15,22,29,42,0,0,303
2021-10-15,1,2,3,3,11,93,11,0,7,0,0,13,11,20,26,30,0,0,231,2,1,1,4,2,45,4,0,0,0,0,1,3,2,6,7,0,0,78,3,3,4,7,13,138,15,0,7,0,0,14,14,22,32,37,0,0,309
2021-10-14,2,2,5,5,10,88,12,0,6,0,0,11,10,17,28,26,0,0,222,1,1,1,3,2,46,4,0,0,0,0,1,3,3,7,7,0,0,79,3,3,6,8,12,134,16,0,6,0,0,12,13,20,35,33,0,0,301
2021-10-13,2,0,6,3,8,91,12,0,4,0,0,9,12,17,30,28,0,0,222,0,1,0,4,1,45,3,0,0,0,0,1,4,4,6,7,0,0,76,2,1,6,7,9,136,15,0,4,0,0,10,16,21,36,35,0,0,298
2021-10-12,2,1,6,4,9,90,13,0,4,0,0,9,12,18,30,25,0,0,223,0,1,0,5,1,44,3,0,0,0,0,1,4,3,6,7,0,0,75,2,2,6,9,10,134,16,0,4,0,0,10,16,21,36,32,0,0,298
2021-10-11,1,1,6,3,7,85,11,0,4,0,0,12,13,18,30,28,0,0,219,0,1,0,5,2,44,3,0,0,0,0,1,4,3,4,5,0,0,72,1,2,6,8,9,129,14,0,4,0,0,13,17,21,34,33,0,0,291
2021-10-10,1,1,6,3,6,87,10,0,4,0,1,12,13,15,28,25,0,0,212,0,1,0,5,2,47,4,0,0,0,0,1,2,3,5,8,0,0,78,1,2,6,8,8,134,14,0,4,0,1,13,15,18,33,33,0,0,290
2021-10-09,1,1,5,3,7,86,10,0,4,0,1,13,14,13,32,26,0,0,216,0,2,1,4,2,50,4,0,0,0,0,1,2,3,5,6,0,0,80,1,3,6,7,9,136,14,0,4,0,1,14,16,16,37,32,0,0,296
2021-10-08,1,1,3,3,7,90,10,0,4,0,2,11,14,11,29,27,0,0,213,1,2,1,4,3,50,4,0,0,0,0,2,3,4,6,4,0,0,84,2,3,4,7,10,140,14,0,4,0,2,13,17,15,35,31,0,0,297
2021-10-07,1,1,3,4,7,92,10,0,4,0,1,11,13,11,30,28,0,0,216,1,2,1,4,4,51,3,0,0,0,0,3,3,4,6,4,0,0,86,2,3,4,8,11,143,13,0,4,0,1,14,16,15,36,32,0,0,302
2021-10-06,2,1,5,4,9,85,10,0,5,0,1,11,11,8,28,29,0,0,209,0,1,1,4,3,53,3,0,0,0,0,3,6,5,4,5,0,0,88,2,2,6,8,12,138,13,0,5,0,1,14,17,13,32,34,0,0,297
2021-10-05,1,1,2,3,8,85,13,0,1,0,1,10,14,11,24,30,0,0,204,0,1,1,4,2,54,3,0,0,0,0,2,7,6,5,5,0,0,90,1,2,3,7,10,139,16,0,1,0,1,12,21,17,29,35,0,0,294
2021-10-04,0,2,2,4,9,91,12,0,0,0,0,8,13,8,21,31,0,0,201,0,1,1,3,2,55,3,0,0,0,0,2,7,6,5,5,0,0,90,0,3,3,7,11,146,15,0,0,0,0,10,20,14,26,36,0,0,291
2021-10-03,0,3,3,3,9,90,14,0,0,0,0,7,15,7,22,29,0,0,202,0,1,1,3,1,53,3,0,0,0,0,2,7,5,6,6,0,0,88,0,4,4,6,10,143,17,0,0,0,0,9,22,12,28,35,0,0,290
2021-10-02,0,4,3,4,9,91,15,0,0,0,0,4,16,6,23,29,0,0,204,0,1,1,3,1,53,3,0,0,0,0,3,7,5,5,6,0,0,88,0,5,4,7,10,144,18,0,0,0,0,7,23,11,28,35,0,0,292
2021-10-01,0,5,3,5,9,96,12,0,0,0,0,9,18,8,20,33,0,0,218,0,0,1,3,2,50,3,0,0,0,0,2,7,5,5,5,0,0,83,0,5,4,8,11,146,15,0,0,0,0,11,25,13,25,38,0,0,301
2021-09-30,0,2,2,7,8,98,13,0,0,0,0,11,19,8,20,38,0,0,226,0,0,1,2,3,51,3,0,0,0,0,3,6,6,5,4,0,0,84,0,2,3,9,11,149,16,0,0,0,0,14,25,14,25,42,0,0,310
2021-09-29,0,2,2,8,6,98,12,0,0,0,0,11,18,9,21,33,0,0,220,0,0,2,3,3,53,5,0,0,0,0,3,6,5,5,6,0,0,91,0,2,4,11,9,151,17,0,0,0,0,14,24,14,26,39,0,0,311
2021-09-28,0,1,3,8,6,98,11,0,0,0,0,13,17,8,21,29,0,0,215,0,0,2,3,3,52,6,0,0,0,0,2,6,5,4,8,0,0,91,0,1,5,11,9,150,17,0,0,0,0,15,23,13,25,37,0,0,306
2021-09-27,0,1,3,5,7,104,11,1,0,0,0,17,16,9,18,35,0,0,227,0,0,1,5,4,52,5,0,0,0,0,3,6,5,4,9,0,0,94,0,1,4,10,11,156,16,1,0,0,0,20,22,14,22,44,0,0,321
2021-09-26,0,0,3,4,4,98,11,1,0,0,0,14,14,8,15,32,0,0,204,0,0,1,4,6,54,5,0,0,0,0,3,4,5,4,9,0,0,95,0,0,4,8,10,152,16,1,0,0,0,17,18,13,19,41,0,0,299
2021-09-25,0,1,3,4,4,102,12,0,0,0,0,10,16,6,18,31,0,0,207,0,0,1,4,6,50,4,1,0,0,0,3,4,4,4,9,0,0,90,0,1,4,8,10,152,16,1,0,0,0,13,20,10,22,40,0,0,297
2021-09-24,0,1,3,3,6,106,11,0,0,0,0,11,18,4,18,30,0,0,211,0,0,1,5,6,50,5,1,0,0,0,1,4,6,3,8,0,0,90,0,1,4,8,12,156,16,1,0,0,0,12,22,10,21,38,0,0,301
2021-09-23,0,0,2,3,4,101,10,0,0,0,0,9,19,6,20,33,0,0,207,0,0,1,5,7,48,6,1,0,0,0,2,4,6,4,7,0,0,91,0,0,3,8,11,149,16,1,0,0,0,11,23,12,24,40,0,0,298
2021-09-22,0,0,2,3,5,88,12,0,0,0,0,9,16,9,21,28,0,0,193,0,0,1,4,7,48,5,1,0,0,0,2,5,5,5,7,0,0,90,0,0,3,7,12,136,17,1,0,0,0,11,21,14,26,35,0,0,283
2021-09-21,0,0,0,3,6,82,13,0,0,0,0,6,17,10,24,28,0,0,189,0,0,2,5,7,49,5,1,0,0,0,2,6,5,3,6,0,0,91,0,0,2,8,13,131,18,1,0,0,0,8,23,15,27,34,0,0,280
2021-09-20,0,0,0,2,6,78,13,1,0,0,0,7,18,12,24,27,0,0,188,0,0,2,6,7,50,4,0,0,0,0,1,6,5,1,4,0,0,86,0,0,2,8,13,128,17,1,0,0,0,8,24,17,25,31,0,0,274
2021-09-19,0,0,1,2,10,76,13,0,0,0,0,6,18,15,24,23,0,0,188,0,0,3,6,6,50,6,0,0,0,0,2,5,6,4,4,0,0,92,0,0,4,8,16,126,19,0,0,0,0,8,23,21,28,27,0,0,280
2021-09-18,1,0,1,2,8,84,13,0,0,0,0,3,18,14,25,21,0,0,190,0,0,2,6,8,48,4,0,0,0,0,2,5,5,3,4,0,0,87,1,0,3,8,16,132,17,0,0,0,0,5,23,19,28,25,0,0,277
2021-09-17,1,0,2,4,7,75,10,0,0,0,0,3,19,10,24,20,0,0,175,0,0,2,5,7,50,4,0,0,0,0,1,6,6,3,5,0,0,89,1,0,4,9,14,125,14,0,0,0,0,4,25,16,27,25,0,0,264
2021-09-16,0,0,2,5,6,69,11,0,0,0,0,3,18,9,24,20,0,0,167,0,0,2,5,6,52,5,0,0,0,0,1,7,9,2,6,0,0,95,0,0,4,10,12,121,16,0,0,0,0,4,25,18,26,26,0,0,262
2021-09-15,0,0,1,7,6,70,11,0,0,0,0,4,18,13,22,17,0,0,169,0,0,2,4,4,49,5,0,0,0,0,0,5,8,5,5,0,0,87,0,0,3,11,10,119,16,0,0,0,0,4,23,21,27,22,0,0,256
2021-09-14,0,0,1,5,6,77,9,0,0,0,0,4,16,12,20,15,0,0,165,0,0,2,5,3,46,4,0,0,0,0,0,5,9,5,6,0,0,85,0,0,3,10,9,123,13,0,0,0,0,4,21,21,25,21,0,0,250
2021-09-13,0,0,2,4,4,70,9,0,0,0,0,4,16,9,16,18,0,0,152,0,0,2,5,2,43,4,0,0,0,0,0,3,8,6,5,0,0,78,0,0,4,9,6,113,13,0,0,0,0,4,19,17,22,23,0,0,230
2021-09-12,0,0,2,3,4,69,9,0,0,0,0,4,14,11,14,22,0,0,152,0,0,2,4,3,43,3,0,0,0,0,0,3,8,6,3,0,0,75,0,0,4,7,7,112,12,0,0,0,0,4,17,19,20,25,0,0,227
2021-09-11,0,0,2,3,3,65,7,0,0,0,1,0,14,10,14,19,0,0,138,0,0,2,3,3,39,5,0,0,0,0,2,3,8,7,3,0,0,75,0,0,4,6,6,104,12,0,0,0,1,2,17,18,21,22,0,0,213
2021-09-10,0,0,2,3,4,62,8,0,0,0,0,1,16,9,14,24,0,0,143,0,0,2,2,2,41,4,0,0,0,0,2,3,9,7,3,0,0,75,0,0,4,5,6,103,12,0,0,0,0,3,19,18,21,27,0,0,218
2021-09-09,0,0,1,4,3,61,7,0,0,0,0,2,11,8,15,23,0,0,135,0,0,2,1,1,42,5,0,0,0,0,1,4,9,5,2,0,0,72,0,0,3,5,4,103,12,0,0,0,0,3,15,17,20,25,0,0,207
2021-09-08,0,0,2,3,2,58,6,0,0,0,0,2,10,7,16,22,0,0,128,0,0,2,0,1,44,4,0,0,0,0,1,3,8,5,2,0,0,70,0,0,4,3,3,102,10,0,0,0,0,3,13,15,21,24,0,0,198
2021-09-07,0,0,0,2,3,49,6,0,0,0,0,2,9,5,15,16,0,0,107,0,0,4,0,1,42,4,0,0,0,0,1,4,7,6,2,0,0,71,0,0,4,2,4,91,10,0,0,0,0,3,13,12,21,18,0,0,178
2021-09-06,0,0,0,2,3,51,8,0,0,0,0,1,6,5,12,15,0,0,103,0,0,3,0,1,40,4,0,0,0,0,1,4,7,6,2,0,0,68,0,0,3,2,4,91,12,0,0,0,0,2,10,12,18,17,0,0,171
2021-09-05,0,0,0,3,3,47,8,0,0,0,0,1,6,6,9,13,0,0,96,0,0,3,0,1,38,4,0,0,0,0,1,4,6,5,2,0,0,64,0,0,3,3,4,85,12,0,0,0,0,2,10,12,14,15,0,0,160
2021-09-04,0,0,0,1,3,47,9,0,0,0,0,0,6,5,9,13,0,0,93,0,0,3,0,1,33,3,0,0,0,0,1,3,4,5,3,0,0,56,0,0,3,1,4,80,12,0,0,0,0,1,9,9,14,16,0,0,149
2021-09-03,0,0,1,2,2,48,9,0,0,0,0,0,4,7,8,14,0,0,95,0,0,2,0,1,32,2,0,0,0,0,1,3,3,5,3,0,0,52,0,0,3,2,3,80,11,0,0,0,0,1,7,10,13,17,0,0,147
2021-09-02,0,0,2,1,2,52,9,0,0,0,0,0,4,6,7,15,0,0,98,0,0,0,1,0,31,2,0,0,0,0,1,2,4,4,4,0,0,49,0,0,2,2,2,83,11,0,0,0,0,1,6,10,11,19,0,0,147
2021-09-01,0,0,3,3,2,43,10,0,0,0,0,0,3,5,8,19,0,0,96,0,0,0,0,0,30,0,0,0,0,0,1,2,3,2,4,0,0,42,0,0,3,3,2,73,10,0,0,0,0,1,5,8,10,23,0,0,138
2021-08-31,0,0,2,3,3,48,9,0,0,0,0,0,3,5,9,16,0,0,98,0,0,0,0,0,30,0,0,0,0,0,1,2,3,1,3,0,0,40,0,0,2,3,3,78,9,0,0,0,0,1,5,8,10,19,0,0,138
2021-08-30,0,0,3,2,4,46,7,0,0,0,0,1,5,6,6,15,0,0,95,0,0,0,0,0,26,0,0,0,0,0,1,2,3,1,3,0,0,36,0,0,3,2,4,72,7,0,0,0,0,2,7,9,7,18,0,0,131
2021-08-29,0,0,3,2,3,40,7,0,0,0,0,1,4,6,7,15,0,0,88,0,0,0,0,1,28,0,0,0,0,0,1,2,2,1,2,0,0,37,0,0,3,2,4,68,7,0,0,0,0,2,6,8,8,17,0,0,125
2021-08-28,0,0,3,2,3,44,6,0,0,0,0,1,4,6,7,14,0,0,90,0,0,0,0,1,26,0,0,0,0,0,1,3,2,1,2,0,0,36,0,0,3,2,4,70,6,0,0,0,0,2,7,8,8,16,0,0,126
2021-08-27,0,0,3,1,4,47,4,0,0,0,0,2,5,5,8,14,0,0,93,0,0,0,1,1,25,0,0,0,0,0,1,3,3,1,3,0,0,38,0,0,3,2,5,72,4,0,0,0,0,3,8,8,9,17,0,0,131
2021-08-26,0,0,3,1,3,45,5,0,0,0,0,2,6,5,7,13,0,0,90,0,0,0,1,2,24,0,0,0,0,0,0,3,3,1,2,0,0,36,0,0,3,2,5,69,5,0,0,0,0,2,9,8,8,15,0,0,126
2021-08-25,0,0,3,2,4,45,6,0,0,0,0,0,7,4,5,7,0,0,83,0,0,0,0,2,24,0,0,0,0,0,0,3,2,1,4,0,0,36,0,0,3,2,6,69,6,0,0,0,0,0,10,6,6,11,0,0,119
2021-08-24,0,0,3,1,4,42,6,0,0,0,0,0,6,1,4,10,0,0,77,0,0,0,0,3,21,0,0,0,0,0,0,3,1,2,3,0,0,33,0,0,3,1,7,63,6,0,0,0,0,0,9,2,6,13,0,0,110
2021-08-23,0,0,4,2,4,39,6,0,0,0,0,0,5,2,2,9,0,0,73,0,0,0,0,2,18,0,0,0,0,0,0,3,1,2,3,0,0,29,0,0,4,2,6,57,6,0,0,0,0,0,8,3,4,12,0,0,102
2021-08-22,0,0,3,3,4,37,5,0,0,0,0,0,5,1,3,7,0,0,68,0,0,0,0,2,19,1,0,0,0,0,0,3,1,1,4,0,0,31,0,0,3,3,6,56,6,0,0,0,0,0,8,2,4,11,0,0,99
2021-08-21,0,0,3,4,6,35,5,0,0,0,0,0,4,1,2,8,0,0,68,1,0,0,0,1,18,1,0,0,0,0,0,3,1,1,4,0,0,30,1,0,3,4,7,53,6,0,0,0,0,0,7,2,3,12,0,0,98
2021-08-20,0,0,2,3,5,30,5,0,0,0,0,0,5,1,2,7,0,0,60,1,0,0,0,1,19,0,0,0,0,0,0,2,1,1,5,0,0,30,1,0,2,3,6,49,5,0,0,0,0,0,7,2,3,12,0,0,90
2021-08-19,0,0,2,3,4,29,5,0,0,0,0,0,4,1,3,6,0,0,57,0,0,0,0,2,18,0,0,0,0,0,0,2,2,1,5,0,0,30,0,0,2,3,6,47,5,0,0,0,0,0,6,3,4,11,0,0,87
2021-08-18,0,0,2,3,6,33,5,0,0,0,0,0,5,1,3,6,0,0,64,0,0,0,0,1,17,0,0,0,0,0,0,2,2,0,5,0,0,27,0,0,2,3,7,50,5,0,0,0,0,0,7,3,3,11,0,0,91
2021-08-17,0,0,2,2,5,32,5,0,0,0,0,0,4,1,2,7,0,0,60,0,0,0,0,1,19,0,0,0,0,0,0,2,2,0,4,0,0,28,0,0,2,2,6,51,5,0,0,0,0,0,6,3,2,11,0,0,88
2021-08-16,0,0,3,2,5,34,5,1,0,0,0,0,3,1,2,5,0,0,61,0,0,0,0,1,18,0,0,0,0,0,0,2,2,0,4,0,0,27,0,0,3,2,6,52,5,1,0,0,0,0,5,3,2,9,0,0,88
2021-08-15,0,0,3,2,5,29,5,1,0,0,0,0,3,1,1,5,0,0,55,0,0,0,0,2,17,0,0,0,0,0,0,2,2,0,4,0,0,27,0,0,3,2,7,46,5,1,0,0,0,0,5,3,1,9,0,0,82
2021-08-14,0,0,2,2,3,30,5,1,0,0,0,0,2,1,1,4,0,0,51,0,0,0,0,3,17,0,1,0,0,0,0,2,2,0,3,0,0,28,0,0,2,2,6,47,5,2,0,0,0,0,4,3,1,7,0,0,79
2021-08-13,0,0,2,4,3,32,5,1,0,0,0,0,2,1,2,4,0,0,56,0,0,0,0,3,17,0,2,0,0,0,0,2,2,0,3,0,0,29,0,0,2,4,6,49,5,3,0,0,0,0,4,3,2,7,0,0,85
2021-08-12,0,0,2,4,3,29,5,1,0,0,0,0,2,1,2,4,0,0,53,0,0,1,0,1,17,0,2,0,0,0,0,2,1,0,3,0,0,27,0,0,3,4,4,46,5,3,0,0,0,0,4,2,2,7,0,0,80
2021-08-11,0,1,2,3,3,29,5,1,0,0,0,1,2,0,2,4,0,0,53,0,0,1,0,1,20,0,1,0,0,0,0,2,0,0,3,0,0,28,0,1,3,3,4,49,5,2,0,0,0,1,4,0,2,7,0,0,81
2021-08-10,0,1,2,0,3,24,5,0,0,0,0,1,2,0,2,5,0,0,45,0,0,0,1,1,16,0,0,0,0,0,0,1,0,0,3,0,0,22,0,1,2,1,4,40,5,0,0,0,0,1,3,0,2,8,0,0,67
2021-08-09,0,1,2,0,4,23,5,0,0,0,0,1,2,0,1,5,0,0,44,0,0,0,0,0,15,0,0,0,0,0,0,1,0,0,2,0,0,18,0,1,2,0,4,38,5,0,0,0,0,1,3,0,1,7,0,0,62
2021-08-08,0,1,2,0,5,20,5,0,0,0,0,1,1,0,1,5,0,0,41,0,0,0,0,0,12,0,0,0,0,0,0,1,0,0,1,0,0,14,0,1,2,0,5,32,5,0,0,0,0,1,2,0,1,6,0,0,55
2021-08-07,0,1,2,0,4,19,5,0,0,0,0,1,2,0,1,5,0,0,40,0,0,0,0,0,12,0,0,0,0,0,0,1,1,0,1,0,0,15,0,1,2,0,4,31,5,0,0,0,0,1,3,1,1,6,0,0,55
2021-08-06,0,1,2,0,3,19,5,0,0,0,0,1,2,0,1,5,0,0,39,0,0,0,0,0,12,0,0,0,0,0,0,1,1,0,1,0,0,15,0,1,2,0,3,31,5,0,0,0,0,1,3,1,1,6,0,0,54
2021-08-05,0,1,2,0,3,20,6,0,0,0,0,1,3,1,1,4,0,0,42,0,0,0,0,0,13,0,0,0,0,0,0,1,0,0,1,0,0,15,0,1,2,0,3,33,6,0,0,0,0,1,4,1,1,5,0,0,57
2021-08-04,0,1,3,0,3,19,6,0,0,0,0,1,3,1,2,5,0,0,44,0,0,0,0,0,13,0,0,0,0,1,0,1,0,0,1,0,0,16,0,1,3,0,3,32,6,0,0,0,1,1,4,1,2,6,0,0,60
2021-08-03,0,1,2,0,3,18,6,0,0,0,0,0,3,1,1,6,0,0,41,0,0,0,0,0,13,0,0,0,0,1,0,0,0,2,1,0,0,17,0,1,2,0,3,31,6,0,0,0,1,0,3,1,3,7,0,0,58
2021-08-02,0,1,2,0,3,17,6,1,0,0,0,0,3,1,1,5,0,0,40,0,0,0,0,0,14,0,0,0,0,1,0,0,0,2,1,0,0,18,0,1,2,0,3,31,6,1,0,0,1,0,3,1,3,6,0,0,58
2021-08-01,0,1,2,1,4,19,6,1,0,0,0,0,3,1,1,5,0,0,44,0,0,0,0,0,15,0,0,0,0,1,0,0,0,0,1,0,0,17,0,1,2,1,4,34,6,1,0,0,1,0,3,1,1,6,0,0,61
2021-07-31,0,1,2,0,4,20,6,1,0,0,0,0,3,1,1,5,0,0,44,0,0,0,0,0,14,0,0,0,0,1,0,0,0,0,1,0,0,16,0,1,2,0,4,34,6,1,0,0,1,0,3,1,1,6,0,0,60
2021-07-30,0,1,2,1,4,21,6,1,0,0,0,0,3,1,1,5,0,0,46,0,0,0,0,0,14,0,0,0,0,1,0,0,0,0,2,0,0,17,0,1,2,1,4,35,6,1,0,0,1,0,3,1,1,7,0,0,63
2021-07-29,0,1,1,0,4,20,6,1,0,0,0,0,3,0,1,6,0,0,43,0,0,1,0,0,13,0,0,0,0,1,0,0,0,0,2,0,0,17,0,1,2,0,4,33,6,1,0,0,1,0,3,0,1,8,0,0,60
2021-07-28,0,1,1,0,4,19,6,1,0,0,0,0,3,0,1,6,0,0,42,0,0,2,0,0,15,0,0,0,0,1,0,0,0,0,2,0,0,20,0,1,3,0,4,34,6,1,0,0,1,0,3,0,1,8,0,0,62
2021-07-27,0,1,1,0,4,19,6,1,0,0,0,0,3,0,1,6,0,0,42,0,0,1,0,0,15,0,0,0,0,1,0,0,0,0,2,0,0,19,0,1,2,0,4,34,6,1,0,0,1,0,3,0,1,8,0,0,61
2021-07-26,0,1,1,1,5,19,6,1,0,0,0,0,4,0,1,6,0,0,45,0,0,1,0,0,15,0,0,0,0,1,0,0,0,1,3,0,0,21,0,1,2,1,5,34,6,1,0,0,1,0,4,0,2,9,0,0,66
2021-07-25,0,1,1,1,5,21,6,1,0,0,0,0,4,0,1,6,0,0,47,0,0,1,0,0,14,0,0,0,0,1,0,0,0,1,3,0,0,20,0,1,2,1,5,35,6,1,0,0,1,0,4,0,2,9,0,0,67
2021-07-24,0,0,1,1,5,18,6,1,0,0,0,0,4,0,1,6,0,0,43,0,1,1,0,0,14,0,0,0,0,1,0,0,0,0,2,0,0,19,0,1,2,1,5,32,6,1,0,0,1,0,4,0,1,8,0,0,62
2021-07-23,0,0,1,1,5,21,6,1,0,0,0,0,4,0,1,6,0,0,46,0,1,1,0,0,14,0,0,0,0,1,0,0,1,0,2,0,0,20,0,1,2,1,5,35,6,1,0,0,1,0,4,1,1,8,0,0,66
2021-07-22,0,1,1,1,4,20,6,1,0,0,0,1,4,0,1,6,0,0,46,0,1,1,0,0,14,0,0,0,0,1,0,1,1,0,2,0,0,21,0,2,2,1,4,34,6,1,0,0,1,1,5,1,1,8,0,0,67
2021-07-21,0,1,1,1,5,22,6,1,0,0,0,1,4,0,1,7,0,0,50,0,1,1,0,0,14,0,0,0,0,1,0,1,1,0,2,0,0,21,0,2,2,1,5,36,6,1,0,0,1,1,5,1,1,9,0,0,71
2021-07-20,0,1,1,1,5,23,6,1,0,0,0,1,4,0,1,7,0,0,51,0,1,1,0,0,14,0,0,0,0,1,0,1,1,0,2,0,0,21,0,2,2,1,5,37,6,1,0,0,1,1,5,1,1,9,0,0,72
2021-07-19,0,1,2,1,5,26,6,1,0,0,0,1,4,0,2,7,0,0,56,0,1,2,0,1,15,0,0,0,0,0,0,0,0,0,2,0,0,21,0,2,4,1,6,41,6,1,0,0,0,1,4,0,2,9,0,0,77
2021-07-18,0,0,2,1,4,28,6,1,0,0,0,1,3,0,2,7,0,0,55,0,2,2,0,0,16,0,0,0,0,0,0,1,0,0,2,0,0,23,0,2,4,1,4,44,6,1,0,0,0,1,4,0,2,9,0,0,78
2021-07-17,0,0,2,1,4,26,6,1,0,0,0,1,4,0,2,6,0,0,53,0,2,2,0,0,16,0,0,0,0,0,0,0,0,0,2,0,0,22,0,2,4,1,4,42,6,1,0,0,0,1,4,0,2,8,0,0,75
2021-07-16,0,0,2,1,4,28,6,1,0,0,0,1,4,0,2,6,0,0,55,0,2,2,0,0,16,0,0,0,0,0,0,0,0,0,2,0,0,22,0,2,4,1,4,44,6,1,0,0,0,1,4,0,2,8,0,0,77
2021-07-15,0,0,3,0,5,30,7,1,0,0,0,1,4,0,2,6,0,0,59,0,2,2,0,0,18,0,0,0,0,0,0,1,0,0,2,0,0,25,0,2,5,0,5,48,7,1,0,0,0,1,5,0,2,8,0,0,84
2021-07-14,0,0,3,0,5,29,7,1,0,0,0,1,4,0,2,6,0,0,58,0,2,2,0,0,17,0,0,0,0,0,0,1,0,0,1,0,0,23,0,2,5,0,5,46,7,1,0,0,0,1,5,0,2,7,0,0,81
2021-07-13,0,0,2,0,5,26,7,1,0,0,0,1,3,0,3,6,0,0,54,0,2,1,0,0,20,0,0,0,0,0,0,1,0,0,1,0,0,25,0,2,3,0,5,46,7,1,0,0,0,1,4,0,3,7,0,0,79
2021-07-12,0,0,2,0,5,27,9,1,0,0,0,1,4,0,3,8,0,0,60,0,2,1,0,0,21,0,0,0,0,0,0,0,0,0,1,0,0,25,0,2,3,0,5,48,9,1,0,0,0,1,4,0,3,9,0,0,85
2021-07-11,0,0,2,0,5,33,9,1,0,0,0,1,2,0,3,7,0,0,63,0,2,1,0,0,21,0,0,0,0,0,0,0,0,0,1,0,0,25,0,2,3,0,5,54,9,1,0,0,0,1,2,0,3,8,0,0,88
2021-07-10,0,0,3,0,5,34,9,1,0,0,0,1,2,0,4,7,0,0,66,0,2,0,0,0,19,0,0,0,0,0,0,0,0,0,1,0,0,22,0,2,3,0,5,53,9,1,0,0,0,1,2,0,4,8,0,0,88
2021-07-09,0,0,3,0,5,35,9,1,0,0,0,1,2,1,4,7,0,0,68,0,2,0,0,0,19,0,0,0,0,0,0,0,0,0,1,0,0,22,0,2,3,0,5,54,9,1,0,0,0,1,2,1,4,8,0,0,90
2021-07-08,0,0,4,2,5,38,9,1,0,0,0,1,2,1,4,7,0,0,74,0,2,0,0,0,19,0,0,0,0,0,0,0,0,0,1,0,0,22,0,2,4,2,5,57,9,1,0,0,0,1,2,1,4,8,0,0,96
2021-07-07,0,0,4,3,5,39,10,1,0,0,0,1,2,0,4,9,0,0,78,0,2,0,0,0,20,0,0,0,0,0,0,0,1,0,0,0,0,23,0,2,4,3,5,59,10,1,0,0,0,1,2,1,4,9,0,0,101
2021-07-06,0,0,4,2,7,38,10,1,0,0,0,1,2,0,4,9,0,0,78,0,2,0,0,0,21,0,0,0,0,0,1,0,1,0,0,0,0,25,0,2,4,2,7,59,10,1,0,0,0,2,2,1,4,9,0,0,103
2021-07-05,0,0,3,1,7,36,10,1,0,0,0,1,4,0,4,8,0,0,75,0,2,1,0,0,21,0,0,0,0,0,2,0,1,0,0,0,0,27,0,2,4,1,7,57,10,1,0,0,0,3,4,1,4,8,0,0,102
2021-07-04,0,0,3,1,7,36,10,1,0,0,0,1,4,0,4,8,0,0,75,0,2,1,0,0,21,0,0,0,0,0,2,0,1,0,0,0,0,27,0,2,4,1,7,57,10,1,0,0,0,3,4,1,4,8,0,0,102
2021-07-03,0,0,3,1,7,34,9,1,0,0,0,0,5,0,4,6,0,0,70,0,2,1,0,0,22,0,0,0,0,0,3,0,1,0,1,0,0,30,0,2,4,1,7,56,9,1,0,0,0,3,5,1,4,7,0,0,100
2021-07-02,0,0,3,1,7,36,9,1,0,0,1,0,5,0,4,7,0,0,74,0,2,1,0,0,22,0,0,0,0,0,3,0,2,0,1,0,0,31,0,2,4,1,7,58,9,1,0,0,1,3,5,2,4,8,0,0,105
2021-07-01,0,0,3,2,7,34,10,1,0,0,1,0,5,0,5,8,0,0,76,0,2,2,0,0,25,0,0,0,0,0,3,0,1,0,1,0,0,34,0,2,5,2,7,59,10,1,0,0,1,3,5,1,5,9,0,0,110
2021-06-30,1,0,3,2,7,35,10,1,0,0,1,0,6,0,5,8,0,0,79,0,2,2,0,0,25,0,0,0,0,0,3,0,1,0,1,0,0,34,1,2,5,2,7,60,10,1,0,0,1,3,6,1,5,9,0,0,113
2021-06-29,1,0,3,2,7,37,10,1,0,0,1,0,5,1,6,8,0,0,82,0,2,2,0,0,25,0,0,0,0,0,3,1,1,0,1,0,0,35,1,2,5,2,7,62,10,1,0,0,1,3,6,2,6,9,0,0,117
2021-06-28,1,0,7,2,8,40,11,1,0,0,0,0,5,1,7,8,0,0,91,0,2,0,0,0,23,0,0,0,0,0,3,1,1,0,1,0,0,31,1,2,7,2,8,63,11,1,0,0,0,3,6,2,7,9,0,0,122
2021-06-27,1,0,5,2,8,44,12,1,0,0,0,0,5,0,7,8,0,0,93,0,2,0,0,0,22,0,0,0,0,0,3,1,2,0,1,0,0,31,1,2,5,2,8,66,12,1,0,0,0,3,6,2,7,9,0,0,124
2021-06-26,1,0,5,2,8,43,9,1,0,0,0,0,5,0,7,8,0,0,89,0,2,0,0,0,24,3,0,0,0,0,3,1,1,0,1,0,0,35,1,2,5,2,8,67,12,1,0,0,0,3,6,1,7,9,0,0,124
2021-06-25,1,0,5,4,8,43,9,1,0,0,0,0,5,0,7,9,0,0,92,0,2,0,0,1,26,3,0,0,0,0,3,1,2,0,1,0,0,39,1,2,5,4,9,69,12,1,0,0,0,3,6,2,7,10,0,0,131
2021-06-24,1,0,4,4,8,44,10,1,0,0,0,0,6,0,8,9,0,0,95,0,2,0,0,1,27,3,0,0,0,0,3,1,2,0,1,0,0,40,1,2,4,4,9,71,13,1,0,0,0,3,7,2,8,10,0,0,135
2021-06-23,2,1,4,4,8,47,11,1,0,0,1,1,7,1,8,9,0,0,105,0,2,0,0,1,25,3,0,0,0,0,3,1,2,0,1,0,0,38,2,3,4,4,9,72,14,1,0,0,1,4,8,3,8,10,0,0,143
2021-06-22,2,1,4,4,9,54,12,2,0,0,1,1,8,4,8,11,0,0,121,0,2,0,1,1,26,2,0,0,0,0,3,2,2,0,1,0,0,40,2,3,4,5,10,80,14,2,0,0,1,4,10,6,8,12,0,0,161
2021-06-21,3,1,5,3,10,52,11,2,0,0,1,2,9,3,8,11,0,0,121,0,2,0,2,1,26,2,0,0,0,0,3,1,2,0,1,0,0,40,3,3,5,5,11,78,13,2,0,0,1,5,10,5,8,12,0,0,161
2021-06-20,3,2,6,3,10,54,12,1,0,0,1,3,8,4,9,13,0,0,129,0,2,0,2,0,27,2,0,0,0,0,3,1,1,0,1,0,0,39,3,4,6,5,10,81,14,1,0,0,1,6,9,5,9,14,0,0,168
2021-06-19,2,2,5,4,11,52,14,1,0,0,1,5,8,4,9,13,0,0,131,0,2,0,2,0,27,1,0,0,0,0,3,1,1,0,2,0,0,39,2,4,5,6,11,79,15,1,0,0,1,8,9,5,9,15,0,0,170
2021-06-18,1,2,5,4,12,57,14,1,0,0,1,6,10,3,10,13,0,0,139,0,2,0,2,0,26,1,0,0,0,0,3,1,1,1,2,0,0,39,1,4,5,6,12,83,15,1,0,0,1,9,11,4,11,15,0,0,178
2021-06-17,1,2,6,4,10,54,14,1,0,0,1,7,10,4,9,13,0,0,136,0,2,0,2,0,27,1,0,0,0,0,2,1,1,1,2,0,0,39,1,4,6,6,10,81,15,1,0,0,1,9,11,5,10,15,0,0,175
2021-06-16,1,3,7,4,10,52,14,1,0,0,1,8,11,4,10,11,0,0,137,0,2,0,2,0,30,1,0,0,0,0,3,1,0,0,2,0,0,41,1,5,7,6,10,82,15,1,0,0,1,11,12,4,10,13,0,0,178
2021-06-15,1,4,8,4,10,56,14,1,0,0,1,11,11,5,10,11,0,0,147,0,3,0,2,0,32,1,0,0,0,0,3,1,1,0,2,0,0,45,1,7,8,6,10,88,15,1,0,0,1,14,12,6,10,13,0,0,192
2021-06-14,1,3,9,3,11,70,14,1,0,0,1,12,11,3,10,10,0,0,159,0,4,0,3,0,34,0,0,0,0,0,3,1,2,0,3,0,0,50,1,7,9,6,11,104,14,1,0,0,1,15,12,5,10,13,0,0,209
2021-06-13,1,4,9,3,13,68,13,1,0,0,2,12,11,3,10,10,0,0,160,0,4,0,3,1,36,2,0,0,0,0,3,1,1,0,3,0,0,54,1,8,9,6,14,104,15,1,0,0,2,15,12,4,10,13,0,0,214
2021-06-12,1,3,9,3,14,65,13,1,0,0,2,12,13,3,8,10,0,0,157,0,4,1,3,1,37,2,0,0,0,0,3,1,1,0,5,0,0,58,1,7,10,6,15,102,15,1,0,0,2,15,14,4,8,15,0,0,215
2021-06-11,2,2,13,4,15,64,14,1,0,0,2,13,14,3,8,13,0,0,168,1,4,1,3,2,37,2,0,0,0,0,3,1,1,0,4,0,0,59,3,6,14,7,17,101,16,1,0,0,2,16,15,4,8,17,0,0,227
2021-06-10,2,3,14,4,18,65,17,1,0,0,1,16,14,3,11,16,0,0,185,1,3,1,3,3,37,2,0,0,0,0,3,1,1,0,4,0,0,59,3,6,15,7,21,102,19,1,0,0,1,19,15,4,11,20,0,0,244
2021-06-09,3,3,13,5,19,64,18,1,0,0,1,15,15,4,11,15,0,0,187,2,3,1,2,3,38,2,0,0,0,0,4,1,2,0,6,0,0,64,5,6,14,7,22,102,20,1,0,0,1,19,16,6,11,21,0,0,251
2021-06-08,2,4,14,4,20,71,17,1,0,0,1,19,16,4,9,15,0,0,197,2,3,1,2,3,37,2,0,0,0,0,4,1,0,0,5,0,0,60,4,7,15,6,23,108,19,1,0,0,1,23,17,4,9,20,0,0,257
2021-06-07,2,5,17,5,21,69,18,2,0,0,2,17,15,5,10,15,0,0,203,2,3,1,2,3,36,2,0,0,0,0,4,2,0,0,5,0,0,60,4,8,18,7,24,105,20,2,0,0,2,21,17,5,10,20,0,0,263
2021-06-06,2,5,18,4,22,69,17,1,0,0,1,18,16,5,10,19,0,0,207,2,3,2,2,2,37,2,0,0,0,0,4,1,0,0,3,0,0,58,4,8,20,6,24,106,19,1,0,0,1,22,17,5,10,22,0,0,265
2021-06-05,2,4,19,6,24,65,17,1,0,0,1,19,16,6,12,21,0,0,213,2,3,2,2,1,40,2,0,0,0,0,5,1,0,0,3,0,0,61,4,7,21,8,25,105,19,1,0,0,1,24,17,6,12,24,0,0,274
2021-06-04,2,3,19,6,25,68,19,1,0,0,1,19,16,6,12,22,0,0,219,2,3,3,2,1,42,2,0,0,0,0,5,1,0,0,3,0,0,64,4,6,22,8,26,110,21,1,0,0,1,24,17,6,12,25,0,0,283
2021-06-03,4,1,20,6,26,81,18,1,0,0,1,21,19,9,13,20,0,0,240,2,3,3,3,3,41,2,0,0,0,0,6,1,0,0,3,0,0,67,6,4,23,9,29,122,20,1,0,0,1,27,20,9,13,23,0,0,307
2021-06-02,4,1,20,6,25,83,22,1,0,0,1,22,21,7,14,22,0,0,249,2,3,4,3,3,41,2,0,0,0,0,5,1,0,1,3,0,0,68,6,4,24,9,28,124,24,1,0,0,1,27,22,7,15,25,0,0,317
2021-06-01,5,1,22,8,26,89,24,1,0,0,1,21,21,6,15,23,0,0,263,3,3,3,3,2,47,2,0,0,0,0,5,1,3,2,3,0,0,77,8,4,25,11,28,136,26,1,0,0,1,26,22,9,17,26,0,0,340
2021-05-31,7,1,23,7,29,89,23,1,0,0,1,19,20,7,17,24,0,0,268,4,3,4,4,1,53,2,0,0,0,0,5,2,2,2,4,0,0,86,11,4,27,11,30,142,25,1,0,0,1,24,22,9,19,28,0,0,354
2021-05-30,7,0,26,7,30,94,24,1,0,0,1,16,18,8,16,25,0,0,273,4,3,4,4,2,51,2,0,0,0,0,7,3,2,2,5,0,0,89,11,3,30,11,32,145,26,1,0,0,1,23,21,10,18,30,0,0,362
2021-05-29,5,1,27,7,27,93,24,1,0,0,1,17,18,8,16,29,0,0,274,4,3,5,4,3,50,2,0,0,0,0,7,3,2,0,7,0,0,90,9,4,32,11,30,143,26,1,0,0,1,24,21,10,16,36,0,0,364
2021-05-28,6,1,29,9,27,96,22,1,0,0,2,18,17,9,18,27,0,0,282,5,1,5,4,4,50,2,0,0,0,0,7,4,2,0,7,0,0,91,11,2,34,13,31,146,24,1,0,0,2,25,21,11,18,34,0,0,373
2021-05-27,5,1,24,9,28,108,25,1,0,0,1,20,21,8,15,28,0,0,294,5,1,6,4,4,50,2,0,0,0,0,7,3,3,0,6,0,0,91,10,2,30,13,32,158,27,1,0,0,1,27,24,11,15,34,0,0,385
2021-05-26,5,0,25,8,27,117,25,1,0,0,1,19,23,6,14,27,0,0,298,5,1,5,4,4,53,2,0,0,0,0,7,3,5,0,7,0,0,96,10,1,30,12,31,170,27,1,0,0,1,26,26,11,14,34,0,0,394
2021-05-25,7,1,24,9,22,114,27,1,1,0,1,22,23,6,14,26,0,0,298,4,1,6,4,4,55,2,0,0,0,0,8,3,5,1,8,0,0,101,11,2,30,13,26,169,29,1,1,0,1,30,26,11,15,34,0,0,399
2021-05-24,9,1,30,9,19,118,33,1,1,0,1,21,23,8,15,25,0,0,314,4,1,6,3,5,56,2,0,0,0,0,8,3,4,1,8,0,0,101,13,2,36,12,24,174,35,1,1,0,1,29,26,12,16,33,0,0,415
2021-05-23,7,3,29,10,19,119,32,1,0,0,1,21,23,13,17,27,0,0,322,5,1,5,3,5,55,3,0,0,0,0,8,3,4,2,8,0,0,102,12,4,34,13,24,174,35,1,0,0,1,29,26,17,19,35,0,0,424
2021-05-22,7,3,27,9,19,118,33,1,0,0,0,21,23,13,17,27,0,0,318,5,1,5,3,5,55,4,0,0,0,0,8,3,4,2,8,0,0,103,12,4,32,12,24,173,37,1,0,0,0,29,26,17,19,35,0,0,421
2021-05-21,7,3,29,7,19,117,37,1,0,0,0,21,23,13,17,27,0,0,321,5,1,4,4,5,55,4,0,0,0,0,8,3,4,2,8,0,0,103,12,4,33,11,24,172,41,1,0,0,0,29,26,17,19,35,0,0,424
2021-05-20,10,2,33,9,21,119,36,1,0,0,0,26,22,9,17,26,0,0,331,6,1,5,3,4,55,4,0,0,0,0,7,4,5,2,10,0,0,106,16,3,38,12,25,174,40,1,0,0,0,33,26,14,19,36,0,0,437
2021-05-19,10,1,35,9,23,124,40,1,0,0,0,31,26,9,19,25,0,0,353,6,1,6,4,4,55,4,0,0,0,0,7,5,6,1,8,0,0,107,16,2,41,13,27,179,44,1,0,0,0,38,31,15,20,33,0,0,460
2021-05-18,10,1,38,10,19,129,36,1,0,0,0,30,26,8,20,25,0,0,353,6,1,7,4,4,56,6,0,0,0,0,8,5,5,2,9,0,0,113,16,2,45,14,23,185,42,1,0,0,0,38,31,13,22,34,0,0,466
2021-05-17,9,1,41,10,20,138,41,1,0,0,1,27,24,7,19,27,0,0,366,7,1,9,4,7,55,6,0,0,0,0,7,5,6,2,9,0,0,118,16,2,50,14,27,193,47,1,0,0,1,34,29,13,21,36,0,0,484
2021-05-16,11,3,41,12,20,145,44,1,0,0,0,25,27,8,18,30,0,0,385,6,1,11,4,8,54,6,0,0,0,0,6,4,6,3,7,0,0,116,17,4,52,16,28,199,50,1,0,0,0,31,31,14,21,37,0,0,501
2021-05-15,10,3,48,11,22,142,45,1,0,0,0,26,24,10,17,30,0,0,389,8,1,9,4,7,59,6,0,0,0,0,6,4,6,2,7,0,0,119,18,4,57,15,29,201,51,1,0,0,0,32,28,16,19,37,0,0,508
2021-05-14,11,4,45,12,22,144,45,1,0,0,0,28,25,9,15,28,0,0,389,7,2,9,4,8,59,6,0,0,0,0,6,4,6,2,7,0,0,120,18,6,54,16,30,203,51,1,0,0,0,34,29,15,17,35,0,0,509
2021-05-13,10,5,45,13,29,152,44,1,1,0,1,26,28,9,13,30,0,0,407,3,2,11,5,7,61,6,0,0,0,0,7,5,7,2,7,0,0,123,13,7,56,18,36,213,50,1,1,0,1,33,33,16,15,37,0,0,530
2021-05-12,9,4,50,13,27,149,44,1,1,0,1,26,21,8,15,30,0,0,399,2,3,9,4,7,61,7,0,0,0,0,6,4,7,2,9,0,0,121,11,7,59,17,34,210,51,1,1,0,1,32,25,15,17,39,0,0,520
2021-05-11,9,3,52,14,31,155,47,1,1,0,0,20,19,8,14,30,0,0,404,3,3,10,4,8,61,8,0,0,0,0,7,4,7,3,8,0,0,126,12,6,62,18,39,216,55,1,1,0,0,27,23,15,17,38,0,0,530
2021-05-10,10,3,54,12,35,154,43,1,1,0,1,21,22,8,18,29,0,0,412,3,3,10,4,8,62,8,0,0,0,0,6,5,5,4,10,0,0,128,13,6,64,16,43,216,51,1,1,0,1,27,27,13,22,39,0,0,540
2021-05-09,11,4,57,11,35,157,45,1,1,0,1,22,21,8,19,27,0,0,420,3,2,8,5,5,62,8,0,0,0,0,6,5,5,4,10,0,0,123,14,6,65,16,40,219,53,1,1,0,1,28,26,13,23,37,0,0,543
2021-05-08,11,3,55,9,34,153,45,1,0,0,0,22,20,10,20,32,0,0,415,3,2,9,5,5,64,9,0,0,0,0,6,5,4,3,9,0,0,124,14,5,64,14,39,217,54,1,0,0,0,28,25,14,23,41,0,0,539
2021-05-07,10,4,51,9,34,154,41,1,0,0,0,25,21,12,24,31,0,0,417,4,2,15,5,5,60,9,0,0,0,0,8,5,4,3,10,0,0,130,14,6,66,14,39,214,50,1,0,0,0,33,26,16,27,41,0,0,547
2021-05-06,10,6,61,12,33,153,42,1,0,0,2,24,22,11,23,35,0,0,435,4,3,15,4,7,63,10,0,0,0,0,8,6,5,4,10,0,0,139,14,9,76,16,40,216,52,1,0,0,2,32,28,16,27,45,0,0,574
2021-05-05,13,6,62,9,34,156,40,1,0,0,1,21,23,7,26,37,0,0,436,3,3,19,2,6,64,11,0,0,0,0,9,6,6,5,10,0,0,144,16,9,81,11,40,220,51,1,0,0,1,30,29,13,31,47,0,0,580
2021-05-04,12,6,57,13,25,160,44,1,0,0,2,23,25,9,23,36,0,0,436,3,4,21,2,8,69,8,0,0,0,0,10,5,6,6,10,0,0,152,15,10,78,15,33,229,52,1,0,0,2,33,30,15,29,46,0,0,588
2021-05-03,8,7,58,16,17,162,47,1,0,0,2,25,25,13,21,37,0,0,439,3,4,21,2,8,67,9,0,0,0,0,11,5,7,8,10,0,0,155,11,11,79,18,25,229,56,1,0,0,2,36,30,20,29,47,0,0,594
2021-05-02,9,8,63,17,18,152,54,1,0,0,1,22,28,15,20,29,0,0,437,3,4,21,2,8,65,8,0,0,0,0,12,4,7,8,9,0,0,151,12,12,84,19,26,217,62,1,0,0,1,34,32,22,28,38,0,0,588
2021-05-01,9,7,61,15,20,143,52,1,0,0,1,22,26,13,20,27,0,0,417,3,3,24,3,6,74,8,0,0,0,0,9,3,7,8,9,0,0,157,12,10,85,18,26,217,60,1,0,0,1,31,29,20,28,36,0,0,574
2021-04-30,7,6,69,15,22,138,54,1,0,0,0,24,25,13,17,28,0,0,419,3,3,25,3,6,69,7,0,0,0,0,9,5,8,9,12,0,0,159,10,9,94,18,28,207,61,1,0,0,0,33,30,21,26,40,0,0,578
2021-04-29,6,6,76,13,19,144,53,1,0,0,0,21,26,12,18,33,0,0,428,3,2,27,5,5,68,7,0,0,0,0,11,5,8,11,12,0,0,164,9,8,103,18,24,212,60,1,0,0,0,32,31,20,29,45,0,0,592
2021-04-28,9,7,81,14,21,148,47,1,0,0,0,23,31,14,20,42,0,0,458,3,2,29,3,5,68,8,0,0,0,0,12,4,9,10,12,0,0,165,12,9,110,17,26,216,55,1,0,0,0,35,35,23,30,54,0,0,623
2021-04-27,8,7,91,13,24,152,49,1,0,0,0,24,34,16,20,43,0,0,482,2,2,30,3,5,67,7,0,0,0,0,12,5,7,9,12,0,0,161,10,9,121,16,29,219,56,1,0,0,0,36,39,23,29,55,0,0,643
2021-04-26,8,7,104,15,24,152,49,1,0,0,0,23,38,18,17,41,0,0,497,3,2,32,3,5,67,7,0,0,0,0,11,5,9,9,17,0,0,170,11,9,136,18,29,219,56,1,0,0,0,34,43,27,26,58,0,0,667
2021-04-25,6,7,98,15,23,157,48,1,0,0,0,24,41,19,15,43,0,0,497,2,2,36,3,5,67,7,0,0,0,0,12,5,9,8,11,0,0,167,8,9,134,18,28,224,55,1,0,0,0,36,46,28,23,54,0,0,664
2021-04-24,4,6,103,15,18,153,50,1,0,0,0,25,41,17,17,39,0,0,489,3,2,36,4,5,65,5,0,0,0,0,11,6,8,8,12,0,0,165,7,8,139,19,23,218,55,1,0,0,0,36,47,25,25,51,0,0,654
2021-04-23,4,6,102,14,20,154,50,2,0,0,0,23,38,14,15,39,0,0,481,3,2,37,3,5,69,6,0,0,0,0,13,6,9,8,20,0,0,181,7,8,139,17,25,223,56,2,0,0,0,36,44,23,23,59,0,0,662
2021-04-22,5,5,106,16,19,177,50,2,0,0,0,23,39,13,12,45,0,0,512,1,2,36,3,3,72,7,0,0,0,0,13,6,10,8,11,0,0,172,6,7,142,19,22,249,57,2,0,0,0,36,45,23,20,56,0,0,684
2021-04-21,5,5,110,15,19,193,50,2,0,0,0,25,39,12,16,46,0,0,537,1,3,35,2,3,76,7,0,0,0,0,15,6,8,9,9,0,0,174,6,8,145,17,22,269,57,2,0,0,0,40,45,20,25,55,0,0,711
2021-04-20,3,7,106,14,19,197,52,2,1,0,0,28,36,11,19,43,0,0,538,2,3,38,2,3,75,6,0,0,0,0,14,7,8,11,9,0,0,178,5,10,144,16,22,272,58,2,1,0,0,42,43,19,30,52,0,0,716
2021-04-19,2,5,103,12,17,193,50,2,1,0,0,26,30,13,16,47,0,0,517,1,5,34,3,4,74,7,0,0,0,0,13,7,7,13,9,0,0,177,3,10,137,15,21,267,57,2,1,0,0,39,37,20,29,56,0,0,694
2021-04-18,2,2,90,15,18,206,48,2,1,0,0,24,33,11,12,39,0,0,503,1,6,30,4,6,81,7,0,0,0,0,12,7,8,12,9,0,0,183,3,8,120,19,24,287,55,2,1,0,0,36,40,19,24,48,0,0,686
2021-04-17,5,4,82,15,16,212,54,1,0,0,0,20,29,12,14,44,0,0,508,2,6,30,5,4,76,7,1,0,0,0,12,7,8,8,9,0,0,175,7,10,112,20,20,288,61,2,0,0,0,32,36,20,22,53,0,0,683
2021-04-16,3,4,85,15,15,216,53,1,0,0,0,21,30,11,13,50,0,0,517,4,5,25,5,5,81,10,1,0,0,0,10,7,8,6,8,0,0,175,7,9,110,20,20,297,63,2,0,0,0,31,37,19,19,58,0,0,692
2021-04-15,4,5,84,12,16,208,48,1,0,0,0,13,29,9,13,55,0,0,497,2,5,21,6,5,76,10,1,0,0,0,13,6,6,7,9,0,0,167,6,10,105,18,21,284,58,2,0,0,0,26,35,15,20,64,0,0,664
2021-04-14,5,6,70,13,17,212,50,1,1,0,0,17,31,14,12,53,0,0,502,1,4,20,5,4,77,9,1,0,0,0,11,6,6,7,8,0,0,159,6,10,90,18,21,289,59,2,1,0,0,28,37,20,19,61,0,0,661
2021-04-13,9,7,69,12,13,210,47,2,1,0,0,17,31,16,15,59,0,0,508,1,3,22,5,3,75,9,1,0,0,0,9,5,7,6,6,0,0,152,10,10,91,17,16,285,56,3,1,0,0,26,36,23,21,65,0,0,660
2021-04-12,8,5,64,12,14,204,49,2,1,0,0,18,26,14,17,59,0,0,493,0,3,20,5,2,77,9,1,0,0,0,7,5,7,6,8,0,0,150,8,8,84,17,16,281,58,3,1,0,0,25,31,21,23,67,0,0,643
2021-04-11,8,6,60,10,15,203,43,2,0,0,0,17,26,16,21,61,0,0,488,0,3,17,5,2,75,9,1,0,0,0,7,4,6,6,7,0,0,142,8,9,77,15,17,278,52,3,0,0,0,24,30,22,27,68,0,0,630
2021-04-10,5,2,54,9,15,201,37,3,0,0,0,15,26,16,21,65,0,0,469,1,4,15,4,2,77,8,1,0,0,0,5,4,8,5,5,0,0,139,6,6,69,13,17,278,45,4,0,0,0,20,30,24,26,70,0,0,608
2021-04-09,3,1,56,9,13,194,36,4,0,0,0,12,22,13,23,59,0,0,445,2,5,13,4,2,77,9,0,0,0,0,5,4,8,3,6,0,0,138,5,6,69,13,15,271,45,4,0,0,0,17,26,21,26,65,0,0,583
2021-04-08,3,1,51,6,15,195,35,3,0,0,0,10,22,14,20,60,0,0,435,2,3,11,5,1,79,9,0,0,0,0,4,3,8,3,6,0,0,134,5,4,62,11,16,274,44,3,0,0,0,14,25,22,23,66,0,0,569
2021-04-07,2,6,44,6,14,198,34,3,0,0,0,10,26,11,21,59,0,0,434,2,3,10,5,1,77,10,0,0,0,0,4,3,8,3,6,0,0,132,4,9,54,11,15,275,44,3,0,0,0,14,29,19,24,65,0,0,566
2021-04-06,2,4,39,8,14,194,32,2,0,0,0,8,26,14,21,56,0,0,420,1,3,9,5,1,71,9,0,0,0,0,4,2,8,4,6,0,0,123,3,7,48,13,15,265,41,2,0,0,0,12,28,22,25,62,0,0,543
2021-04-05,3,4,41,6,10,183,25,3,0,0,0,10,26,16,21,45,0,0,393,1,3,9,6,1,66,8,0,0,0,0,6,2,8,5,6,0,0,121,4,7,50,12,11,249,33,3,0,0,0,16,28,24,26,51,0,0,514
2021-04-04,5,4,39,5,12,187,23,2,0,0,0,3,23,13,20,44,0,0,380,0,4,9,5,2,69,8,0,0,0,0,7,3,8,5,3,0,0,123,5,8,48,10,14,256,31,2,0,0,0,10,26,21,25,47,0,0,503
2021-04-03,4,3,35,7,11,184,24,2,0,0,0,3,22,12,23,44,0,0,374,0,4,12,4,2,70,8,0,0,0,0,7,4,9,5,3,0,0,128,4,7,47,11,13,254,32,2,0,0,0,10,26,21,28,47,0,0,502
2021-04-02,4,2,28,7,11,195,22,3,0,0,0,1,21,11,21,51,0,0,377,0,5,12,3,3,65,8,0,0,0,0,7,5,9,5,2,0,0,124,4,7,40,10,14,260,30,3,0,0,0,8,26,20,26,53,0,0,501
2021-04-01,4,2,31,8,11,189,21,3,0,0,0,3,21,12,24,53,0,0,382,0,4,10,2,3,64,8,0,0,0,0,6,5,7,6,6,0,0,121,4,6,41,10,14,253,29,3,0,0,0,9,26,19,30,59,0,0,503
2021-03-31,4,3,30,7,8,182,18,1,0,0,0,2,25,14,23,51,0,0,368,0,4,8,1,4,63,9,0,0,0,0,5,4,7,8,6,0,0,119,4,7,38,8,12,245,27,1,0,0,0,7,29,21,31,57,0,0,487
2021-03-30,3,4,26,7,6,185,15,2,0,0,1,3,29,10,21,53,0,0,365,0,4,8,1,4,66,7,0,0,0,0,4,4,8,9,5,0,0,120,3,8,34,8,10,251,22,2,0,0,1,7,33,18,30,58,0,0,485
2021-03-29,3,5,28,6,8,179,12,2,0,0,1,4,28,11,20,54,0,0,361,0,4,8,1,3,72,7,0,0,0,0,4,4,8,9,6,0,0,126,3,9,36,7,11,251,19,2,0,0,1,8,32,19,29,60,0,0,487
2021-03-28,1,8,25,7,8,182,11,2,0,0,1,3,28,11,17,53,0,0,357,0,4,8,1,3,68,6,0,0,0,0,4,3,7,10,6,0,0,120,1,12,33,8,11,250,17,2,0,0,1,7,31,18,27,59,0,0,477
2021-03-27,0,5,29,7,8,189,12,2,0,0,1,3,29,11,20,50,0,0,366,0,4,7,1,3,66,6,0,0,0,0,4,2,7,9,5,0,0,114,0,9,36,8,11,255,18,2,0,0,1,7,31,18,29,55,0,0,480
2021-03-26,0,2,26,8,9,194,15,2,0,0,2,4,28,10,23,50,0,0,373,0,3,8,1,3,65,5,0,0,0,0,3,2,7,7,4,0,0,108,0,5,34,9,12,259,20,2,0,0,2,7,30,17,30,54,0,0,481
2021-03-25,0,2,26,7,9,192,11,2,0,0,1,4,29,11,23,49,0,0,366,0,2,6,3,4,71,5,0,0,0,0,3,2,8,7,4,0,0,115,0,4,32,10,13,263,16,2,0,0,1,7,31,19,30,53,0,0,481
2021-03-24,0,2,29,7,9,198,11,2,0,0,1,3,28,11,23,55,0,0,379,0,2,6,3,4,73,4,0,0,0,0,3,2,9,8,3,0,0,117,0,4,35,10,13,271,15,2,0,0,1,6,30,20,31,58,0,0,496
2021-03-23,0,1,40,8,9,199,11,3,0,0,1,2,30,11,23,52,0,0,390,0,0,8,3,3,75,4,0,0,0,0,3,3,9,7,3,0,0,118,0,1,48,11,12,274,15,3,0,0,1,5,33,20,30,55,0,0,508
2021-03-22,0,1,37,8,12,205,11,4,0,0,1,4,31,11,27,54,0,0,406,0,0,7,3,3,74,2,0,0,0,0,2,4,8,7,3,0,0,113,0,1,44,11,15,279,13,4,0,0,1,6,35,19,34,57,0,0,519
2021-03-21,0,0,35,10,11,199,9,4,0,0,1,5,29,15,25,56,0,0,399,0,0,6,3,4,73,2,0,0,0,0,2,4,8,8,4,0,0,114,0,0,41,13,15,272,11,4,0,0,1,7,33,23,33,60,0,0,513
2021-03-20,0,0,31,10,13,208,8,4,0,0,1,6,27,12,26,53,0,0,399,0,0,6,2,3,67,2,0,0,0,0,1,4,8,6,3,0,0,102,0,0,37,12,16,275,10,4,0,0,1,7,31,20,32,56,0,0,501
2021-03-19,0,1,35,11,12,206,7,4,0,0,2,6,30,13,28,51,0,0,406,0,0,4,2,3,67,2,0,0,0,0,1,4,7,5,4,0,0,99,0,1,39,13,15,273,9,4,0,0,2,7,34,20,33,55,0,0,505
2021-03-18,0,2,36,11,12,216,8,3,0,0,2,3,24,9,28,51,0,0,405,0,0,4,2,3,65,2,0,0,0,0,1,5,7,5,5,0,0,99,0,2,40,13,15,281,10,3,0,0,2,4,29,16,33,56,0,0,504
2021-03-17,0,5,33,13,12,223,7,2,0,0,0,2,26,12,30,53,0,0,418,0,0,4,2,4,69,2,0,0,0,0,1,3,6,4,6,0,0,101,0,5,37,15,16,292,9,2,0,0,0,3,29,18,34,59,0,0,519
2021-03-16,0,3,33,12,17,225,11,4,0,0,0,2,24,11,25,58,0,0,425,0,1,8,2,2,74,2,0,0,0,0,1,4,5,4,4,0,0,107,0,4,41,14,19,299,13,4,0,0,0,3,28,16,29,62,0,0,532
2021-03-15,0,3,32,14,17,230,9,1,0,0,0,4,30,13,25,64,0,0,442,0,1,5,1,2,66,2,0,0,0,0,1,4,4,2,3,0,0,91,0,4,37,15,19,296,11,1,0,0,0,5,34,17,27,67,0,0,533
2021-03-14,0,4,31,11,18,237,10,3,0,0,0,4,34,17,22,66,0,0,457,0,1,5,2,2,69,2,0,0,0,0,1,4,3,3,4,0,0,96,0,5,36,13,20,306,12,3,0,0,0,5,38,20,25,70,0,0,553
2021-03-13,0,3,27,10,17,237,9,3,0,0,0,4,35,13,22,67,0,0,447,0,1,5,2,2,69,2,0,0,0,0,1,4,5,4,5,0,0,100,0,4,32,12,19,306,11,3,0,0,0,5,39,18,26,72,0,0,547
2021-03-12,0,3,27,10,12,237,7,3,0,0,0,5,35,11,26,69,0,0,445,0,1,4,2,2,75,2,0,0,0,0,2,4,3,5,6,0,0,106,0,4,31,12,14,312,9,3,0,0,0,7,39,14,31,75,0,0,551
2021-03-11,0,4,26,9,15,238,5,3,0,0,0,6,35,11,23,69,0,0,444,0,0,4,3,2,78,2,0,0,0,0,2,4,2,5,4,0,0,106,0,4,30,12,17,316,7,3,0,0,0,8,39,13,28,73,0,0,550
2021-03-10,0,4,24,6,21,242,4,2,0,0,0,8,30,13,26,72,0,0,452,0,0,3,3,1,81,2,0,0,0,0,1,4,1,8,7,0,0,111,0,4,27,9,22,323,6,2,0,0,0,9,34,14,34,79,0,0,563
2021-03-09,0,3,27,8,23,253,4,2,0,0,0,6,29,16,26,72,0,0,469,0,0,3,3,1,81,2,0,0,0,0,1,5,3,6,7,0,0,112,0,3,30,11,24,334,6,2,0,0,0,7,34,19,32,79,0,0,581
2021-03-08,1,1,28,9,23,248,3,1,0,0,0,5,29,19,26,73,0,0,466,0,0,2,3,2,81,2,0,0,0,0,1,4,3,6,6,0,0,110,1,1,30,12,25,329,5,1,0,0,0,6,33,22,32,79,0,0,576
2021-03-07,0,1,26,11,23,259,4,2,0,0,0,4,32,19,25,76,0,0,482,0,0,5,3,2,76,2,0,0,0,0,1,3,3,6,7,0,0,108,0,1,31,14,25,335,6,2,0,0,0,5,35,22,31,83,0,0,590
2021-03-06,0,1,28,11,21,260,5,2,0,0,0,3,32,19,25,78,0,0,485,0,0,5,3,3,74,2,0,0,0,0,1,3,3,6,7,0,0,107,0,1,33,14,24,334,7,2,0,0,0,4,35,22,31,85,0,0,592
2021-03-05,0,1,28,12,20,268,5,2,0,0,0,3,26,19,26,82,0,0,492,0,0,5,3,3,75,2,0,0,0,0,1,3,3,6,8,0,0,109,0,1,33,15,23,343,7,2,0,0,0,4,29,22,32,90,0,0,601
2021-03-04,0,1,31,9,21,275,6,2,1,0,0,3,27,21,24,85,0,0,506,0,0,7,3,3,74,1,0,0,0,0,1,2,4,6,10,0,0,111,0,1,38,12,24,349,7,2,1,0,0,4,29,25,30,95,0,0,617
2021-03-03,0,1,27,11,22,278,9,1,1,0,0,3,26,17,26,89,0,0,511,0,0,7,3,3,74,1,1,0,0,0,1,2,6,7,10,0,0,115,0,1,34,14,25,352,10,2,1,0,0,4,28,23,33,99,0,0,626
2021-03-02,0,0,29,11,16,274,7,1,1,0,0,3,25,14,25,92,0,0,498,0,0,7,4,4,77,1,1,0,0,0,1,3,6,7,9,0,0,120,0,0,36,15,20,351,8,2,1,0,0,4,28,20,32,101,0,0,618
2021-03-01,0,0,28,13,18,280,7,3,1,0,0,3,26,11,24,93,0,0,507,0,0,6,4,3,78,1,1,0,0,0,1,2,7,8,10,0,0,121,0,0,34,17,21,358,8,4,1,0,0,4,28,18,32,103,0,0,628
2021-02-28,0,0,28,11,18,272,7,4,1,0,0,4,30,7,22,86,0,0,490,0,0,4,4,3,80,1,1,0,0,0,1,3,8,6,11,0,0,122,0,0,32,15,21,352,8,5,1,0,0,5,33,15,28,97,0,0,612
2021-02-27,0,0,28,11,18,267,8,4,1,0,0,4,28,6,22,87,0,0,484,0,0,4,5,2,81,1,1,0,0,0,1,3,5,5,9,0,0,117,0,0,32,16,20,348,9,5,1,0,0,5,31,11,27,96,0,0,601
2021-02-26,0,0,29,11,20,264,7,5,1,0,0,4,27,10,20,89,0,0,487,0,0,2,5,2,77,1,1,0,0,0,1,2,4,8,9,0,0,112,0,0,31,16,22,341,8,6,1,0,0,5,29,14,28,98,0,0,599
2021-02-25,0,0,27,10,17,278,7,5,1,0,0,4,27,10,19,96,0,0,501,1,0,4,5,2,78,2,1,0,0,0,2,2,4,9,9,0,0,119,1,0,31,15,19,356,9,6,1,0,0,6,29,14,28,105,0,0,620
2021-02-24,0,1,26,10,18,281,6,4,1,0,0,6,27,9,18,104,0,0,511,1,0,7,5,2,77,2,1,0,0,0,2,2,5,10,8,0,0,122,1,1,33,15,20,358,8,5,1,0,0,8,29,14,28,112,0,0,633
2021-02-23,1,1,26,10,17,289,7,4,1,0,0,8,28,8,19,106,0,0,525,1,0,7,5,3,85,2,1,0,0,0,2,3,5,9,7,0,0,130,2,1,33,15,20,374,9,5,1,0,0,10,31,13,28,113,0,0,655
2021-02-22,1,0,27,15,20,304,7,3,1,0,0,7,31,8,22,114,0,0,560,1,0,7,2,3,80,1,1,0,0,0,2,3,5,8,7,0,0,120,2,0,34,17,23,384,8,4,1,0,0,9,34,13,30,121,0,0,680
2021-02-21,1,0,32,15,18,310,7,3,1,0,0,6,32,10,22,115,0,0,572,1,0,6,2,5,77,2,1,0,0,0,2,2,6,7,6,0,0,117,2,0,38,17,23,387,9,4,1,0,0,8,34,16,29,121,0,0,689
2021-02-20,1,0,33,16,16,304,7,1,1,0,0,8,30,12,23,115,0,0,567,1,0,7,3,3,78,2,1,0,0,0,2,3,6,6,7,0,0,119,2,0,40,19,19,382,9,2,1,0,0,10,33,18,29,122,0,0,686
2021-02-19,1,0,35,16,15,301,8,1,1,0,0,7,34,14,29,118,0,0,580,1,0,6,2,3,81,2,1,0,0,0,3,3,6,6,6,0,0,120,2,0,41,18,18,382,10,2,1,0,0,10,37,20,35,124,0,0,700
2021-02-18,0,0,36,15,15,309,9,1,1,0,0,7,36,14,28,125,0,0,596,1,1,7,4,2,83,2,1,0,0,0,3,5,6,5,7,0,0,127,1,1,43,19,17,392,11,2,1,0,0,10,41,20,33,132,0,0,723
2021-02-17,0,0,39,19,14,323,9,1,1,0,0,6,34,18,27,127,0,0,618,1,1,9,3,3,79,2,1,0,0,0,4,6,7,5,8,0,0,129,1,1,48,22,17,402,11,2,1,0,0,10,40,25,32,135,0,0,747
2021-02-16,0,1,48,18,14,326,9,1,1,0,0,8,35,17,20,138,0,0,636,1,1,6,2,3,78,2,1,0,0,0,4,6,8,10,8,0,0,130,1,2,54,20,17,404,11,2,1,0,0,12,41,25,30,146,0,0,766
2021-02-15,0,1,44,18,19,325,9,1,1,0,0,6,36,15,18,144,0,0,637,1,1,6,2,2,80,2,1,0,0,0,6,7,8,11,7,0,0,134,1,2,50,20,21,405,11,2,1,0,0,12,43,23,29,151,0,0,771
2021-02-14,1,1,47,20,23,334,11,1,1,0,0,9,39,15,22,144,0,0,668,1,1,5,2,3,88,2,1,0,0,0,6,6,6,10,5,0,0,136,2,2,52,22,26,422,13,2,1,0,0,15,45,21,32,149,0,0,804
2021-02-13,1,1,45,19,21,345,9,1,1,0,0,10,39,16,24,141,0,0,673,1,1,5,3,3,84,2,0,0,0,0,6,6,7,8,6,0,0,132,2,2,50,22,24,429,11,1,1,0,0,16,45,23,32,147,0,0,805
2021-02-12,1,1,43,17,21,352,10,1,1,0,0,9,37,21,27,141,0,0,682,1,1,6,4,2,81,2,0,0,0,0,6,6,7,7,7,0,0,130,2,2,49,21,23,433,12,1,1,0,0,15,43,28,34,148,0,0,812
2021-02-11,1,1,44,23,22,364,9,1,1,0,0,9,37,24,26,149,1,0,712,1,1,8,4,2,84,2,0,0,0,0,6,6,7,8,8,0,0,137,2,2,52,27,24,448,11,1,1,0,0,15,43,31,34,157,1,0,849
2021-02-10,1,1,43,23,24,365,9,1,1,0,0,11,41,23,26,161,1,0,731,1,1,10,4,3,87,2,0,0,0,0,6,6,8,8,7,0,0,143,2,2,53,27,27,452,11,1,1,0,0,17,47,31,34,168,1,0,874
2021-02-09,1,2,48,27,25,390,8,1,1,0,0,10,40,22,27,167,1,0,770,1,1,9,3,4,89,2,0,0,0,0,6,7,9,8,9,0,0,148,2,3,57,30,29,479,10,1,1,0,0,16,47,31,35,176,1,0,918
2021-02-08,1,3,51,27,26,401,8,1,1,0,0,13,39,25,31,167,1,0,795,1,2,9,2,4,86,3,1,0,0,0,6,7,9,6,9,0,0,145,2,5,60,29,30,487,11,2,1,0,0,19,46,34,37,176,1,0,940
2021-02-07,1,3,49,28,28,404,8,1,1,0,0,15,41,27,30,172,1,0,809,1,2,10,3,5,92,3,2,0,0,0,5,9,9,7,12,0,0,160,2,5,59,31,33,496,11,3,1,0,0,20,50,36,37,184,1,0,969
2021-02-06,1,3,52,32,27,391,7,2,1,0,0,15,40,21,28,184,1,0,805,1,3,10,3,6,90,3,2,0,0,0,5,9,8,7,11,0,0,158,2,6,62,35,33,481,10,4,1,0,0,20,49,29,35,195,1,0,963
2021-02-05,1,3,53,34,31,391,7,2,1,0,0,15,47,23,27,187,1,0,823,1,3,11,3,6,91,3,2,0,0,0,4,8,9,8,10,0,0,159,2,6,64,37,37,482,10,4,1,0,0,19,55,32,35,197,1,0,982
2021-02-04,1,3,60,39,31,415,8,3,1,0,0,16,54,23,29,188,1,0,872,1,3,10,3,6,99,3,2,0,0,0,5,7,9,9,11,0,0,168,2,6,70,42,37,514,11,5,1,0,0,21,61,32,38,199,1,0,1040
2021-02-03,2,3,66,43,32,417,12,2,1,0,0,17,53,26,28,192,1,0,895,1,3,12,3,6,100,3,3,0,0,0,6,7,9,10,12,0,0,175,3,6,78,46,38,517,15,5,1,0,0,23,60,35,38,204,1,0,1070
2021-02-02,2,3,68,43,35,422,12,3,1,0,0,17,55,27,34,206,1,0,929,1,3,12,4,6,102,3,3,0,0,0,6,7,8,9,13,0,0,177,3,6,80,47,41,524,15,6,1,0,0,23,62,35,43,219,1,0,1106
2021-02-01,2,3,68,43,33,423,11,4,1,0,0,17,60,29,37,201,0,0,932,1,3,14,5,9,101,3,3,0,0,0,5,7,7,8,12,0,0,178,3,6,82,48,42,524,14,7,1,0,0,22,67,36,45,213,0,0,1110
2021-01-31,1,2,65,50,36,439,11,4,1,0,0,18,61,30,40,203,0,0,961,1,3,16,3,10,104,3,3,0,0,0,6,7,7,7,13,0,0,183,2,5,81,53,46,543,14,7,1,0,0,24,68,37,47,216,0,0,1144
2021-01-30,0,2,60,48,38,433,11,3,1,0,0,21,61,30,36,201,0,0,945,2,3,16,4,10,109,3,3,0,0,0,6,7,7,8,13,0,0,191,2,5,76,52,48,542,14,6,1,0,0,27,68,37,44,214,0,0,1136
2021-01-29,0,4,63,49,40,446,12,3,1,0,0,20,57,32,36,199,0,0,962,2,3,19,4,12,113,3,3,0,0,0,7,8,5,8,14,0,0,201,2,7,82,53,52,559,15,6,1,0,0,27,65,37,44,213,0,0,1163
2021-01-28,0,6,60,47,49,474,13,3,1,0,0,21,58,32,38,206,0,0,1008,2,3,21,4,11,119,3,3,0,0,0,6,9,5,10,13,0,0,209,2,9,81,51,60,593,16,6,1,0,0,27,67,37,48,219,0,0,1217
2021-01-27,0,8,56,48,54,493,13,3,1,0,1,24,63,34,45,209,0,0,1052,2,3,22,5,11,118,3,3,0,0,0,7,9,7,10,12,0,0,212,2,11,78,53,65,611,16,6,1,0,1,31,72,41,55,221,0,0,1264
2021-01-26,0,10,59,48,52,507,13,4,1,0,2,23,59,33,48,210,0,0,1069,2,3,26,4,11,119,3,2,0,0,0,8,12,7,11,13,0,0,221,2,13,85,52,63,626,16,6,1,0,2,31,71,40,59,223,0,0,1290
2021-01-25,0,10,67,49,56,522,13,4,1,0,2,23,61,36,49,215,0,0,1108,2,4,23,5,11,116,3,1,0,0,0,10,11,8,10,13,0,0,217,2,14,90,54,67,638,16,5,1,0,2,33,72,44,59,228,0,0,1325
2021-01-24,0,9,74,44,61,517,15,2,1,0,1,22,60,38,49,211,0,0,1104,2,4,21,6,13,114,3,1,0,0,0,10,12,6,9,16,0,0,217,2,13,95,50,74,631,18,3,1,0,1,32,72,44,58,227,0,0,1321
2021-01-23,0,8,80,41,66,524,18,2,1,0,1,21,59,36,49,202,0,0,1108,2,4,20,8,11,113,3,1,0,0,0,12,13,6,8,18,0,0,219,2,12,100,49,77,637,21,3,1,0,1,33,72,42,57,220,0,0,1327
2021-01-22,1,9,85,44,73,556,21,1,2,0,1,20,64,34,50,206,0,0,1167,1,3,20,7,11,112,3,0,0,0,0,12,14,6,11,16,0,0,216,2,12,105,51,84,668,24,1,2,0,1,32,78,40,61,222,0,0,1383
2021-01-21,3,14,89,47,78,575,27,1,2,0,2,20,66,30,50,210,0,0,1214,1,3,18,7,12,111,3,0,0,0,0,11,13,9,8,16,0,0,212,4,17,107,54,90,686,30,1,2,0,2,31,79,39,58,226,0,0,1426
2021-01-20,3,19,97,46,75,584,26,1,2,0,1,24,59,34,53,213,0,0,1237,1,4,16,6,13,112,4,0,0,0,0,10,13,9,10,18,0,0,216,4,23,113,52,88,696,30,1,2,0,1,34,72,43,63,231,0,0,1453
2021-01-19,3,26,95,40,82,592,27,1,2,0,1,21,63,31,54,214,0,0,1252,1,4,14,6,13,108,4,0,0,0,0,11,14,11,9,21,0,0,216,4,30,109,46,95,700,31,1,2,0,1,32,77,42,63,235,0,0,1468
2021-01-18,3,28,89,44,82,619,28,1,2,0,3,22,65,31,54,217,0,0,1288,1,4,14,6,12,102,5,0,0,0,0,10,13,12,10,23,0,0,212,4,32,103,50,94,721,33,1,2,0,3,32,78,43,64,240,0,0,1500
2021-01-17,2,29,92,42,82,614,28,1,2,0,3,23,62,30,62,203,0,0,1275,1,7,12,5,12,108,5,0,0,0,0,10,14,10,10,23,0,0,217,3,36,104,47,94,722,33,1,2,0,3,33,76,40,72,226,0,0,1492
2021-01-16,2,28,95,45,79,601,26,3,2,0,3,21,60,29,61,190,0,0,1245,1,8,13,5,10,109,4,0,0,0,0,9,13,10,9,24,0,0,215,3,36,108,50,89,710,30,3,2,0,3,30,73,39,70,214,0,0,1460
2021-01-15,3,26,102,42,75,609,28,3,2,0,3,22,56,27,62,188,0,0,1248,1,9,13,7,12,114,4,0,0,0,0,8,14,10,10,25,0,0,227,4,35,115,49,87,723,32,3,2,0,3,30,70,37,72,213,0,0,1475
2021-01-14,4,28,104,41,75,623,28,3,2,0,2,24,60,28,55,189,0,0,1266,1,7,16,6,13,114,4,0,0,0,0,8,13,11,13,25,0,0,231,5,35,120,47,88,737,32,3,2,0,2,32,73,39,68,214,0,0,1497
2021-01-13,4,30,109,45,84,616,30,2,1,1,4,31,60,36,53,189,0,0,1295,1,6,17,4,12,117,4,0,0,0,0,7,13,12,11,26,0,0,230,5,36,126,49,96,733,34,2,1,1,4,38,73,48,64,215,0,0,1525
2021-01-12,3,31,110,44,80,627,29,2,2,0,3,29,60,35,48,184,0,0,1287,0,6,15,4,10,117,4,0,0,0,0,9,12,12,10,30,0,0,229,3,37,125,48,90,744,33,2,2,0,3,38,72,47,58,214,0,0,1516
2021-01-11,2,34,113,42,77,636,30,2,2,0,4,27,52,34,45,177,0,0,1277,0,7,15,5,9,108,5,0,0,0,1,8,12,11,10,31,0,0,222,2,41,128,47,86,744,35,2,2,0,5,35,64,45,55,208,0,0,1499
2021-01-10,1,36,103,43,64,613,34,3,3,0,4,30,50,33,46,163,0,0,1226,0,7,15,5,5,106,5,0,0,0,1,8,11,11,9,29,0,0,212,1,43,118,48,69,719,39,3,3,0,5,38,61,44,55,192,0,0,1438
2021-01-09,1,36,101,43,72,576,31,3,3,0,4,28,50,27,41,161,0,0,1177,0,7,13,3,7,101,5,0,0,0,1,8,11,11,6,30,0,0,203,1,43,114,46,79,677,36,3,3,0,5,36,61,38,47,191,0,0,1380
2021-01-08,0,40,95,48,78,567,30,2,2,0,4,24,52,24,46,174,0,0,1186,0,7,15,3,7,105,5,0,0,0,0,8,11,11,4,30,0,0,206,0,47,110,51,85,672,35,2,2,0,4,32,63,35,50,204,0,0,1392
2021-01-07,0,44,97,53,71,557,32,1,3,0,4,28,60,26,46,174,0,0,1196,0,7,14,4,8,104,6,0,0,0,0,9,11,10,5,29,0,0,207,0,51,111,57,79,661,38,1,3,0,4,37,71,36,51,203,0,0,1403
2021-01-06,1,43,95,54,62,555,36,2,4,0,3,27,59,27,45,165,0,0,1178,0,6,15,4,7,100,5,0,0,0,0,9,10,11,6,29,0,0,202,1,49,110,58,69,655,41,2,4,0,3,36,69,38,51,194,0,0,1380
2021-01-05,1,41,105,53,64,558,36,1,4,0,3,20,58,30,49,168,0,0,1191,0,7,17,4,8,104,4,0,0,0,0,10,7,11,4,26,0,0,202,1,48,122,57,72,662,40,1,4,0,3,30,65,41,53,194,0,0,1393
2021-01-04,2,41,96,56,51,534,36,1,4,0,2,17,58,31,45,149,0,0,1123,0,6,15,5,13,97,4,0,0,0,0,8,7,8,7,24,0,0,194,2,47,111,61,64,631,40,1,4,0,2,25,65,39,52,173,0,0,1317
2021-01-03,4,39,106,56,51,501,40,2,4,0,2,21,62,29,47,142,0,0,1106,0,8,15,5,12,92,4,0,0,0,0,7,6,8,7,24,0,0,188,4,47,121,61,63,593,44,2,4,0,2,28,68,37,54,166,0,0,1294
2021-01-02,4,41,103,50,31,478,40,2,4,0,2,22,57,26,44,142,0,0,1046,0,6,15,6,6,92,4,0,0,0,0,6,7,6,7,24,0,0,179,4,47,118,56,37,570,44,2,4,0,2,28,64,32,51,166,0,0,1225
2021-01-01,2,39,89,42,34,423,35,2,3,0,2,16,44,20,44,114,0,0,909,1,6,14,6,6,85,4,0,0,0,0,7,7,5,8,17,0,0,166,3,45,103,48,40,508,39,2,3,0,2,23,51,25,52,131,0,0,1075
2020-12-31,2,42,96,47,38,422,37,2,4,0,2,19,46,26,43,124,0,0,950,1,6,13,6,7,84,4,0,0,0,0,7,7,5,9,18,0,0,167,3,48,109,53,45,506,41,2,4,0,2,26,53,31,52,142,0,0,1117
2020-12-30,2,49,102,50,39,446,38,2,4,0,3,25,51,28,41,130,0,0,1010,1,6,14,6,7,80,4,0,0,0,0,7,7,5,8,20,0,0,165,3,55,116,56,46,526,42,2,4,0,3,32,58,33,49,150,0,0,1175
2020-12-29,2,61,102,52,40,468,45,1,2,0,2,25,53,26,40,140,0,0,1059,1,5,14,7,5,73,4,0,0,0,0,6,7,5,9,16,0,0,152,3,66,116,59,45,541,49,1,2,0,2,31,60,31,49,156,0,0,1211
2020-12-28,2,55,104,54,29,433,45,2,2,0,2,26,47,21,39,124,0,0,985,1,7,16,9,2,64,5,0,0,0,0,5,7,8,7,17,0,0,148,3,62,120,63,31,497,50,2,2,0,2,31,54,29,46,141,0,0,1133
2020-12-27,2,58,106,50,31,426,43,3,1,0,2,26,44,21,34,127,0,0,974,1,7,15,7,3,69,5,0,0,0,0,5,7,8,6,17,0,0,150,3,65,121,57,34,495,48,3,1,0,2,31,51,29,40,144,0,0,1124
2020-12-26,2,62,116,42,31,391,41,3,1,0,1,27,44,22,31,122,0,0,936,0,8,15,7,3,66,5,0,0,0,0,8,8,6,7,16,0,0,149,2,70,131,49,34,457,46,3,1,0,1,35,52,28,38,138,0,0,1085
2020-12-25,2,57,102,32,36,342,29,1,1,0,1,23,28,13,22,105,0,0,794,0,6,13,11,3,55,5,0,0,0,1,7,7,6,8,12,0,0,134,2,63,115,43,39,397,34,1,1,0,2,30,35,19,30,117,0,0,928
2020-12-24,1,60,108,35,40,347,29,1,1,0,2,25,29,13,23,106,0,0,820,1,6,12,12,3,59,5,0,0,0,1,7,7,6,8,12,0,0,139,2,66,120,47,43,406,34,1,1,0,3,32,36,19,31,118,0,0,959
2020-12-23,2,67,121,41,46,374,31,1,1,0,2,28,35,14,30,113,0,0,906,1,6,14,12,3,64,5,0,0,0,1,7,7,6,8,13,0,0,147,3,73,135,53,49,438,36,1,1,0,3,35,42,20,38,126,0,0,1053
2020-12-22,2,76,123,50,44,372,32,1,1,0,2,31,32,16,27,116,0,0,925,1,6,15,11,4,62,5,0,0,0,1,7,7,6,7,11,0,0,143,3,82,138,61,48,434,37,1,1,0,3,38,39,22,34,127,0,0,1068
2020-12-21,2,72,126,45,37,372,32,1,1,0,2,28,34,26,31,109,0,0,918,0,7,12,10,4,62,4,0,0,0,1,9,3,6,8,12,0,0,138,2,79,138,55,41,434,36,1,1,0,3,37,37,32,39,121,0,0,1056
2020-12-20,4,72,130,47,39,360,31,1,1,0,1,28,35,23,28,102,0,0,902,0,7,16,9,4,65,7,0,0,0,1,9,3,6,7,13,0,0,147,4,79,146,56,43,425,38,1,1,0,2,37,38,29,35,115,0,0,1049
2020-12-19,4,73,126,49,37,337,31,1,1,0,1,27,26,23,28,100,0,0,864,0,9,15,11,4,61,6,0,0,0,1,8,3,6,8,15,0,0,147,4,82,141,60,41,398,37,1,1,0,2,35,29,29,36,115,0,0,1011
2020-12-18,6,70,115,51,40,336,35,1,1,0,1,28,27,25,29,98,0,0,863,0,9,13,11,4,61,8,0,0,0,1,4,4,4,8,15,0,0,142,6,79,128,62,44,397,43,1,1,0,2,32,31,29,37,113,0,0,1005
2020-12-17,6,72,121,49,40,339,37,1,2,0,1,26,29,25,26,96,0,0,870,0,9,15,11,3,61,7,0,0,0,0,4,4,5,7,16,0,0,142,6,81,136,60,43,400,44,1,2,0,1,30,33,30,33,112,0,0,1012
2020-12-16,6,77,123,50,38,347,30,1,2,1,1,22,29,24,22,95,0,0,868,0,9,15,11,4,54,7,0,0,0,0,5,3,5,6,15,0,0,134,6,86,138,61,42,401,37,1,2,1,1,27,32,29,28,110,0,0,1002
2020-12-15,6,72,128,48,34,333,32,2,1,1,1,18,35,25,25,87,0,0,848,0,7,15,10,5,52,6,0,0,0,0,6,4,4,6,13,0,0,128,6,79,143,58,39,385,38,2,1,1,1,24,39,29,31,100,0,0,976
2020-12-14,3,76,133,52,31,318,30,2,1,1,3,20,29,26,24,85,0,0,834,0,11,13,9,4,48,5,0,0,0,0,5,5,5,7,13,0,0,125,3,87,146,61,35,366,35,2,1,1,3,25,34,31,31,98,0,0,959
2020-12-13,2,81,130,50,25,267,32,1,0,0,3,21,29,23,22,82,0,0,768,0,12,14,9,3,49,4,0,0,0,0,6,3,5,5,12,0,0,122,2,93,144,59,28,316,36,1,0,0,3,27,32,28,27,94,0,0,890
2020-12-12,2,77,128,53,26,263,33,1,0,0,4,20,27,23,21,79,0,0,757,0,11,13,9,3,49,4,0,0,0,0,7,3,5,7,12,0,0,123,2,88,141,62,29,312,37,1,0,0,4,27,30,28,28,91,0,0,880
2020-12-11,3,73,114,54,30,245,35,1,0,0,5,21,25,22,22,81,0,0,731,0,12,17,9,3,49,4,0,0,0,0,7,4,5,5,14,0,0,129,3,85,131,63,33,294,39,1,0,0,5,28,29,27,27,95,0,0,860
2020-12-10,3,75,115,58,24,249,35,1,0,0,4,23,28,25,27,81,0,0,748,0,11,15,9,4,47,3,0,0,0,0,5,5,6,6,12,0,0,123,3,86,130,67,28,296,38,1,0,0,4,28,33,31,33,93,0,0,871
2020-12-09,2,75,113,60,22,238,31,1,0,0,4,25,31,25,25,83,0,0,735,0,11,12,9,4,41,3,0,0,0,0,5,5,5,6,12,0,0,113,2,86,125,69,26,279,34,1,0,0,4,30,36,30,31,95,0,0,848
2020-12-08,2,68,114,63,19,230,33,1,1,0,2,21,29,27,27,86,0,0,723,0,11,14,9,4,43,3,0,0,0,0,6,7,6,5,13,0,0,121,2,79,128,72,23,273,36,1,1,0,2,27,36,33,32,99,0,0,844
2020-12-07,0,70,111,63,20,223,35,2,1,0,3,22,24,27,30,90,0,0,721,0,11,13,7,3,41,3,0,0,0,0,6,7,5,5,13,0,0,114,0,81,124,70,23,264,38,2,1,0,3,28,31,32,35,103,0,0,835
2020-12-06,0,76,105,65,22,209,36,2,1,0,3,25,24,29,32,84,0,0,713,0,8,11,7,3,37,4,0,0,0,0,5,7,5,4,14,0,0,105,0,84,116,72,25,246,40,2,1,0,3,30,31,34,36,98,0,0,818
2020-12-05,0,76,97,60,17,198,38,2,1,0,4,25,24,31,28,75,0,0,676,0,9,11,9,4,32,4,0,0,0,0,5,7,5,4,12,0,0,102,0,85,108,69,21,230,42,2,1,0,4,30,31,36,32,87,0,0,778
2020-12-04,0,77,94,56,14,184,40,2,1,0,3,22,24,32,32,78,0,0,659,0,6,11,8,4,32,4,0,0,0,0,5,6,5,3,12,0,0,96,0,83,105,64,18,216,44,2,1,0,3,27,30,37,35,90,0,0,755
2020-12-03,0,78,87,53,17,194,40,2,1,0,5,24,26,36,30,72,0,0,665,0,5,11,8,4,34,4,0,0,0,0,5,5,3,5,13,0,0,97,0,83,98,61,21,228,44,2,1,0,5,29,31,39,35,85,0,0,762
2020-12-02,0,76,80,50,16,185,40,2,1,0,6,24,26,30,27,76,0,0,639,0,5,10,10,4,33,5,0,0,0,0,7,5,6,4,10,0,0,99,0,81,90,60,20,218,45,2,1,0,6,31,31,36,31,86,0,0,738
2020-12-01,1,75,75,55,14,189,39,2,1,0,6,24,27,33,29,71,0,0,641,0,6,6,10,5,33,5,0,0,0,0,6,5,8,3,12,0,0,99,1,81,81,65,19,222,44,2,1,0,6,30,32,41,32,83,0,0,740
2020-11-30,0,71,70,53,16,186,38,2,0,0,2,26,24,31,33,70,0,0,622,0,6,6,9,5,35,4,0,0,0,0,5,5,8,3,12,0,0,98,0,77,76,62,21,221,42,2,0,0,2,31,29,39,36,82,0,0,720
2020-11-29,0,72,64,43,19,175,38,2,0,0,3,25,29,28,30,71,0,0,599,0,6,6,7,6,35,4,0,0,0,0,6,3,8,3,10,0,0,94,0,78,70,50,25,210,42,2,0,0,3,31,32,36,33,81,0,0,693
2020-11-28,0,67,58,41,14,178,39,2,0,0,3,21,30,25,31,64,0,0,573,0,6,7,8,7,31,4,0,0,0,0,5,4,8,3,9,0,0,92,0,73,65,49,21,209,43,2,0,0,3,26,34,33,34,73,0,0,665
2020-11-27,0,70,46,45,16,187,40,2,0,0,2,21,32,26,30,68,0,0,585,0,5,7,7,7,33,5,0,0,0,0,6,4,8,3,8,0,0,93,0,75,53,52,23,220,45,2,0,0,2,27,36,34,33,76,0,0,678
2020-11-26,0,64,48,48,13,187,45,2,0,0,1,22,31,20,29,69,0,0,579,0,5,6,7,8,30,5,0,0,0,0,7,3,9,3,7,0,0,90,0,69,54,55,21,217,50,2,0,0,1,29,34,29,32,76,0,0,669
2020-11-25,1,65,46,45,11,185,45,2,0,0,3,23,27,25,33,74,0,0,585,0,5,5,10,6,31,5,0,0,0,0,6,3,10,4,5,0,0,90,1,70,51,55,17,216,50,2,0,0,3,29,30,35,37,79,0,0,675
2020-11-24,1,61,41,44,15,178,50,2,1,0,6,23,19,24,33,64,0,0,562,0,5,6,8,7,29,5,0,0,0,0,6,2,9,5,11,0,0,93,1,66,47,52,22,207,55,2,1,0,6,29,21,33,38,75,0,0,655
2020-11-23,1,52,39,43,16,173,49,2,1,0,5,23,21,24,35,76,0,0,560,0,5,5,8,8,34,4,0,0,0,0,6,2,8,5,11,0,0,96,1,57,44,51,24,207,53,2,1,0,5,29,23,32,40,87,0,0,656
2020-11-22,2,50,42,45,12,155,49,2,1,0,5,20,24,23,39,68,0,0,537,0,8,5,6,7,31,4,0,0,0,0,8,2,10,5,12,0,0,98,2,58,47,51,19,186,53,2,1,0,5,28,26,33,44,80,0,0,635
2020-11-21,2,54,43,43,13,152,50,2,1,0,5,21,24,28,36,66,0,0,540,0,7,5,9,8,33,3,0,0,0,0,8,2,9,4,15,0,0,103,2,61,48,52,21,185,53,2,1,0,5,29,26,37,40,81,0,0,643
2020-11-20,1,47,46,43,15,159,50,2,1,0,4,24,24,27,36,69,0,0,548,0,7,4,8,9,32,2,0,0,0,0,9,2,10,3,13,0,0,99,1,54,50,51,24,191,52,2,1,0,4,33,26,37,39,82,0,0,647
2020-11-19,0,41,44,40,14,156,54,2,0,0,7,24,20,23,37,67,0,0,529,0,10,5,8,8,29,2,0,0,0,0,8,2,10,3,11,0,0,96,0,51,49,48,22,185,56,2,0,0,7,32,22,33,40,78,0,0,625
2020-11-18,0,38,46,42,18,163,56,2,0,0,7,27,22,25,36,69,0,0,551,0,10,5,9,9,32,2,0,0,0,0,6,2,13,2,12,0,0,102,0,48,51,51,27,195,58,2,0,0,7,33,24,38,38,81,0,0,653
2020-11-17,1,36,46,36,19,166,58,2,0,0,7,23,20,25,43,71,0,0,553,0,9,6,10,9,31,3,0,0,0,0,6,1,12,1,12,0,0,100,1,45,52,46,28,197,61,2,0,0,7,29,21,37,44,83,0,0,653
2020-11-16,1,35,43,34,17,161,56,2,0,0,6,23,22,24,42,73,0,0,539,0,9,7,9,9,32,3,0,0,0,0,6,1,10,2,12,0,0,100,1,44,50,43,26,193,59,2,0,0,6,29,23,34,44,85,0,0,639
2020-11-15,0,34,39,32,19,142,55,2,0,0,6,24,23,23,39,67,0,0,505,0,8,7,7,5,28,2,0,0,0,0,6,0,10,3,11,0,0,87,0,42,46,39,24,170,57,2,0,0,6,30,23,33,42,78,0,0,592
2020-11-14,1,29,36,35,16,145,53,2,0,0,5,21,23,24,44,65,0,0,499,0,8,8,8,5,29,3,0,0,0,0,5,0,10,3,10,0,0,89,1,37,44,43,21,174,56,2,0,0,5,26,23,34,47,75,0,0,588
2020-11-13,1,26,36,35,16,146,50,2,0,0,8,21,23,23,47,68,0,0,502,0,6,7,8,3,29,3,0,0,0,0,5,0,9,3,9,0,0,82,1,32,43,43,19,175,53,2,0,0,8,26,23,32,50,77,0,0,584
2020-11-12,2,23,37,31,20,151,52,2,0,0,8,15,21,21,51,65,0,0,499,0,8,7,6,3,29,3,0,0,0,0,8,0,9,3,9,0,0,85,2,31,44,37,23,180,55,2,0,0,8,23,21,30,54,74,0,0,584
2020-11-11,2,23,38,30,19,156,48,2,0,0,7,15,20,24,53,61,0,0,498,0,7,7,6,3,29,4,0,0,0,0,7,0,10,3,10,0,0,86,2,30,45,36,22,185,52,2,0,0,7,22,20,34,56,71,0,0,584
2020-11-10,2,27,35,27,19,154,44,2,0,0,8,18,19,21,52,62,0,0,490,0,5,9,5,4,26,4,0,0,0,0,9,0,11,3,8,0,0,84,2,32,44,32,23,180,48,2,0,0,8,27,19,32,55,70,0,0,574
2020-11-09,2,21,38,20,18,147,44,2,0,0,4,20,17,17,46,57,0,0,453,0,4,10,4,4,26,3,0,0,0,0,9,0,11,3,8,0,0,82,2,25,48,24,22,173,47,2,0,0,4,29,17,28,49,65,0,0,535
2020-11-08,4,22,46,25,10,142,45,2,0,0,6,20,15,19,48,61,0,0,465,0,3,11,3,2,27,4,0,0,0,0,7,1,9,2,7,0,0,76,4,25,57,28,12,169,49,2,0,0,6,27,16,28,50,68,0,0,541
2020-11-07,2,18,44,28,10,138,41,2,0,0,4,23,17,18,45,61,0,0,451,0,3,11,3,2,29,4,0,0,0,0,6,1,9,2,7,0,0,77,2,21,55,31,12,167,45,2,0,0,4,29,18,27,47,68,0,0,528
2020-11-06,2,18,42,31,11,132,42,2,0,0,4,23,17,17,43,62,0,0,446,0,3,11,3,2,29,3,0,0,0,0,6,2,11,2,7,0,0,79,2,21,53,34,13,161,45,2,0,0,4,29,19,28,45,69,0,0,525
2020-11-05,2,19,49,25,11,137,49,2,0,0,3,26,18,16,42,64,0,0,463,0,2,12,3,2,29,3,0,0,0,0,7,1,10,1,7,0,0,77,2,21,61,28,13,166,52,2,0,0,3,33,19,26,43,71,0,0,540
2020-11-04,2,20,50,27,11,132,45,2,0,0,6,23,18,18,41,62,0,0,457,0,2,13,3,3,29,4,0,0,0,0,8,1,8,1,10,0,0,82,2,22,63,30,14,161,49,2,0,0,6,31,19,26,42,72,0,0,539
2020-11-03,0,18,54,23,14,129,44,2,0,0,9,27,16,18,40,65,0,0,459,0,3,12,3,4,31,3,0,0,0,0,6,1,8,1,9,0,0,81,0,21,66,26,18,160,47,2,0,0,9,33,17,26,41,74,0,0,540
2020-11-02,2,20,54,22,15,117,36,2,0,0,9,26,15,18,42,64,0,0,442,0,2,13,4,4,32,3,0,0,0,0,8,1,9,0,9,0,0,85,2,22,67,26,19,149,39,2,0,0,9,34,16,27,42,73,0,0,527
2020-11-01,2,21,53,21,11,120,35,2,0,0,5,25,14,14,36,59,0,0,418,0,1,13,5,3,28,3,0,0,0,0,9,2,8,2,7,0,0,81,2,22,66,26,14,148,38,2,0,0,5,34,16,22,38,66,0,0,499
2020-10-31,2,23,55,20,12,117,27,2,0,0,6,24,15,15,37,57,0,0,412,0,2,12,5,4,28,2,0,0,0,0,10,2,7,3,9,0,0,84,2,25,67,25,16,145,29,2,0,0,6,34,17,22,40,66,0,0,496
2020-10-30,2,20,60,23,12,119,32,2,0,0,5,24,16,17,27,63,0,0,422,0,4,12,5,4,27,2,0,0,0,0,7,3,7,1,10,0,0,82,2,24,72,28,16,146,34,2,0,0,5,31,19,24,28,73,0,0,504
2020-10-29,1,21,67,22,12,130,29,2,0,0,4,27,14,15,29,61,0,0,434,1,4,11,5,3,26,2,0,0,0,0,7,3,7,2,10,0,0,81,2,25,78,27,15,156,31,2,0,0,4,34,17,22,31,71,0,0,515
2020-10-28,1,19,71,16,12,130,27,2,0,0,4,34,14,14,25,62,0,0,431,1,3,12,5,3,26,1,0,0,0,0,5,4,7,1,10,0,0,78,2,22,83,21,15,156,28,2,0,0,4,39,18,21,26,72,0,0,509
2020-10-27,2,20,78,19,11,130,27,2,0,0,7,31,15,12,25,58,0,0,437,1,4,15,4,3,27,1,0,0,0,0,9,4,8,2,11,0,0,89,3,24,93,23,14,157,28,2,0,0,7,40,19,20,27,69,0,0,526
2020-10-26,3,17,88,22,9,119,24,2,0,0,6,33,17,13,24,59,0,0,436,1,4,16,4,3,27,1,0,0,0,0,9,4,7,2,13,0,0,91,4,21,104,26,12,146,25,2,0,0,6,42,21,20,26,72,0,0,527
2020-10-25,2,16,84,20,7,109,24,2,0,0,6,35,17,13,22,59,0,0,416,1,2,18,4,2,31,1,0,0,0,0,8,4,7,2,13,0,0,93,3,18,102,24,9,140,25,2,0,0,6,43,21,20,24,72,0,0,509
2020-10-24,3,17,82,22,7,110,24,3,0,0,6,33,19,14,21,59,0,0,420,1,2,18,4,2,34,1,0,0,0,1,9,4,6,2,13,0,0,97,4,19,100,26,9,144,25,3,0,0,7,42,23,20,23,72,0,0,517
2020-10-23,3,18,85,18,8,110,24,3,0,0,5,40,18,12,18,59,0,0,421,1,2,16,4,3,33,1,0,0,0,0,8,4,6,2,13,0,0,93,4,20,101,22,11,143,25,3,0,0,5,48,22,18,20,72,0,0,514
2020-10-22,3,18,76,14,9,108,23,5,0,0,5,40,22,9,14,58,0,0,404,1,2,18,4,4,34,1,0,0,0,0,8,5,7,2,13,0,0,99,4,20,94,18,13,142,24,5,0,0,5,48,27,16,16,71,0,0,503
2020-10-21,3,19,72,16,12,106,25,5,0,0,8,45,20,10,11,61,0,0,413,1,3,18,4,4,33,1,0,0,0,0,10,5,6,2,14,0,0,101,4,22,90,20,16,139,26,5,0,0,8,55,25,16,13,75,0,0,514
2020-10-20,3,20,80,22,11,105,23,4,0,0,8,48,20,11,13,66,0,0,434,1,1,15,4,4,33,1,0,0,0,0,8,5,6,3,13,0,0,94,4,21,95,26,15,138,24,4,0,0,8,56,25,17,16,79,0,0,528
2020-10-19,4,15,83,20,10,104,22,4,0,0,8,42,19,10,13,75,0,0,429,2,2,14,4,5,36,1,0,0,0,0,12,5,4,4,11,0,0,100,6,17,97,24,15,140,23,4,0,0,8,54,24,14,17,86,0,0,529
2020-10-18,4,15,86,16,6,100,22,5,0,0,5,45,18,7,16,61,0,0,406,2,0,15,4,2,34,1,0,0,0,0,10,3,4,5,12,0,0,92,6,15,101,20,8,134,23,5,0,0,5,55,21,11,21,73,0,0,498
2020-10-17,4,13,89,17,6,100,21,5,0,0,5,39,15,8,16,66,0,0,404,1,0,13,3,2,34,1,0,0,0,0,12,3,4,4,11,0,0,88,5,13,102,20,8,134,22,5,0,0,5,51,18,12,20,77,0,0,492
2020-10-16,4,13,89,19,7,100,17,5,0,0,5,44,13,7,14,56,0,0,393,1,0,13,4,2,33,1,0,0,0,0,11,4,4,3,9,0,0,85,5,13,102,23,9,133,18,5,0,0,5,55,17,11,17,65,0,0,478
2020-10-15,4,11,89,22,8,98,15,5,0,0,4,34,12,6,15,58,0,0,381,1,1,13,4,1,36,1,0,0,0,0,11,4,4,3,8,0,0,87,5,12,102,26,9,134,16,5,0,0,4,45,16,10,18,66,0,0,468
2020-10-14,6,9,88,19,8,99,15,5,0,0,6,34,13,4,15,56,0,0,377,1,1,11,2,1,35,1,0,0,0,0,10,5,4,2,10,0,0,83,7,10,99,21,9,134,16,5,0,0,6,44,18,8,17,66,0,0,460
2020-10-13,6,10,83,19,6,101,14,5,0,0,8,35,17,2,16,54,0,0,376,3,0,9,2,1,31,1,0,0,0,0,12,3,4,3,11,0,0,80,9,10,92,21,7,132,15,5,0,0,8,47,20,6,19,65,0,0,456
2020-10-12,6,9,83,17,4,92,12,4,0,0,6,42,15,3,14,45,0,0,352,3,0,8,3,1,35,1,0,0,0,0,12,3,4,3,12,0,0,85,9,9,91,20,5,127,13,4,0,0,6,54,18,7,17,57,0,0,437
2020-10-11,6,8,82,17,4,96,10,4,0,0,7,37,16,2,15,47,0,0,351,2,0,7,3,1,32,3,0,0,0,0,11,3,4,1,8,0,0,75,8,8,89,20,5,128,13,4,0,0,7,48,19,6,16,55,0,0,426
2020-10-10,6,4,82,10,4,89,11,4,0,0,6,36,17,3,16,48,0,0,336,1,0,7,4,1,30,3,0,0,0,0,10,5,3,1,7,0,0,72,7,4,89,14,5,119,14,4,0,0,6,46,22,6,17,55,0,0,408
2020-10-09,6,3,78,9,4,90,10,5,0,0,8,39,21,2,13,55,0,0,343,1,0,12,3,1,30,3,0,0,0,0,8,5,3,0,7,0,0,73,7,3,90,12,5,120,13,5,0,0,8,47,26,5,13,62,0,0,416
2020-10-08,7,1,82,9,5,102,11,5,0,0,3,30,17,2,11,52,0,0,337,0,0,12,2,2,27,3,0,0,0,0,5,5,3,0,8,0,0,67,7,1,94,11,7,129,14,5,0,0,3,35,22,5,11,60,0,0,404
2020-10-07,8,1,77,6,6,104,14,5,0,0,2,28,15,3,12,50,0,0,331,0,0,13,2,1,28,3,0,0,0,0,6,4,3,0,8,0,0,68,8,1,90,8,7,132,17,5,0,0,2,34,19,6,12,58,0,0,399
2020-10-06,9,1,70,7,6,104,13,5,0,0,3,28,16,0,11,49,0,0,322,0,0,11,1,2,25,4,0,0,0,0,6,4,3,0,6,0,0,62,9,1,81,8,8,129,17,5,0,0,3,34,20,3,11,55,0,0,384
2020-10-05,13,1,73,5,5,96,12,4,0,0,3,31,17,0,12,38,0,0,310,0,0,9,2,1,26,4,0,0,0,0,6,5,3,0,11,0,0,67,13,1,82,7,6,122,16,4,0,0,3,37,22,3,12,49,0,0,377
2020-10-04,16,1,70,4,3,88,11,4,0,0,1,30,17,1,9,25,0,0,280,0,0,9,1,1,21,4,0,0,0,0,7,5,2,0,12,0,0,62,16,1,79,5,4,109,15,4,0,0,1,37,22,3,9,37,0,0,342
2020-10-03,11,1,61,4,3,72,14,4,0,0,1,29,16,2,9,24,0,0,251,0,0,13,1,1,23,2,0,0,0,0,7,4,1,0,12,0,0,64,11,1,74,5,4,95,16,4,0,0,1,36,20,3,9,36,0,0,315
2020-10-02,9,0,54,4,4,77,13,4,0,0,1,33,15,2,8,23,0,0,247,0,0,13,2,1,22,2,0,0,0,0,6,2,0,0,12,0,0,60,9,0,67,6,5,99,15,4,0,0,1,39,17,2,8,35,0,0,307
2020-10-01,8,0,48,1,7,75,13,4,0,0,1,31,14,0,10,24,0,0,236,0,0,11,0,0,20,1,0,0,0,0,6,1,1,0,9,0,0,49,8,0,59,1,7,95,14,4,0,0,1,37,15,1,10,33,0,0,285
2020-09-30,6,0,53,2,4,61,9,4,0,0,0,24,15,0,15,24,0,0,217,0,0,11,0,0,20,1,0,0,0,0,8,0,1,0,5,0,0,46,6,0,64,2,4,81,10,4,0,0,0,32,15,1,15,29,0,0,263
2020-09-29,8,0,54,2,7,56,7,3,0,0,0,18,22,1,13,18,0,0,209,0,0,11,0,0,20,1,0,0,0,0,6,0,1,0,4,0,0,43,8,0,65,2,7,76,8,3,0,0,0,24,22,2,13,22,0,0,252
2020-09-28,5,0,50,3,7,54,5,2,0,0,0,17,25,0,10,22,0,0,200,0,0,10,0,1,16,1,0,0,0,0,6,0,1,0,6,0,0,41,5,0,60,3,8,70,6,2,0,0,0,23,25,1,10,28,0,0,241
2020-09-27,3,0,48,4,2,44,3,2,0,0,1,14,23,0,7,20,0,0,171,0,0,7,0,0,17,1,0,0,0,0,4,0,1,0,7,0,0,37,3,0,55,4,2,61,4,2,0,0,1,18,23,1,7,27,0,0,208
2020-09-26,3,0,49,3,2,45,3,2,0,0,0,14,24,1,7,19,0,0,172,0,0,8,0,0,17,1,0,0,0,0,5,0,2,0,8,0,0,41,3,0,57,3,2,62,4,2,0,0,0,19,24,3,7,27,0,0,213
2020-09-25,3,0,49,3,2,52,3,2,0,0,0,14,22,2,7,13,0,0,172,0,0,9,0,0,18,1,0,0,0,0,4,0,2,0,11,0,0,45,3,0,58,3,2,70,4,2,0,0,0,18,22,4,7,24,0,0,217
2020-09-24,3,0,51,3,1,48,5,2,0,0,0,12,22,2,8,9,0,0,166,0,0,6,0,0,14,1,0,0,0,0,5,0,2,0,5,0,0,33,3,0,57,3,1,62,6,2,0,0,0,17,22,4,8,14,0,0,199
2020-09-23,1,0,46,0,1,45,6,0,0,0,0,12,23,2,9,8,0,0,153,0,0,6,0,0,12,1,0,0,0,0,4,0,2,0,6,0,0,31,1,0,52,0,1,57,7,0,0,0,0,16,23,4,9,14,0,0,184
2020-09-22,1,0,40,0,1,46,6,0,0,0,0,10,21,0,12,8,0,0,145,0,0,5,0,0,12,1,0,0,0,0,5,1,2,0,4,0,0,30,1,0,45,0,1,58,7,0,0,0,0,15,22,2,12,12,0,0,175
2020-09-21,1,0,36,0,2,45,7,0,0,0,0,8,19,0,11,8,0,0,137,0,0,4,0,0,12,1,0,0,0,0,4,1,2,0,4,0,0,28,1,0,40,0,2,57,8,0,0,0,0,12,20,2,11,12,0,0,165
2020-09-20,1,0,31,0,1,41,6,0,0,0,0,6,13,0,10,6,0,0,115,0,0,4,0,0,15,1,0,0,0,0,4,1,2,0,3,0,0,30,1,0,35,0,1,56,7,0,0,0,0,10,14,2,10,9,0,0,145
2020-09-19,0,0,25,0,1,40,3,0,0,0,0,7,11,0,10,7,0,0,104,0,0,4,0,0,14,2,0,0,0,0,4,2,1,0,4,0,0,31,0,0,29,0,1,54,5,0,0,0,0,11,13,1,10,11,0,0,135
2020-09-18,0,0,22,0,1,41,3,0,0,0,0,6,10,0,8,6,0,0,97,0,0,5,0,0,13,2,0,0,0,0,3,3,1,0,4,0,0,31,0,0,27,0,1,54,5,0,0,0,0,9,13,1,8,10,0,0,128
2020-09-17,0,0,26,0,1,41,2,0,0,0,0,6,10,0,10,7,0,0,103,0,0,5,0,0,14,2,0,0,0,0,2,3,1,0,3,0,0,30,0,0,31,0,1,55,4,0,0,0,0,8,13,1,10,10,0,0,133
2020-09-16,0,0,30,0,0,42,2,0,0,0,0,6,10,0,10,4,0,0,104,0,0,5,0,0,14,2,0,0,0,0,1,3,1,0,3,0,0,29,0,0,35,0,0,56,4,0,0,0,0,7,13,1,10,7,0,0,133
2020-09-15,0,0,31,0,0,42,1,0,0,0,0,2,10,0,11,4,0,0,101,0,0,5,0,0,12,2,0,0,0,0,0,3,2,0,2,0,0,26,0,0,36,0,0,54,3,0,0,0,0,2,13,2,11,6,0,0,127
2020-09-14,0,1,33,0,0,43,2,0,0,0,0,2,11,0,11,4,0,0,107,0,0,5,0,0,11,1,0,0,0,0,0,3,1,0,2,0,0,23,0,1,38,0,0,54,3,0,0,0,0,2,14,1,11,6,0,0,130
2020-09-13,0,1,28,0,1,38,2,0,0,0,0,1,11,0,15,5,0,0,102,0,0,4,0,0,11,1,0,0,0,0,0,3,0,0,0,0,0,19,0,1,32,0,1,49,3,0,0,0,0,1,14,0,15,5,0,0,121
2020-09-12,0,1,25,0,1,40,1,0,0,0,0,2,11,1,14,6,0,0,102,0,0,5,0,0,10,1,0,0,0,0,0,3,0,0,0,0,0,19,0,1,30,0,1,50,2,0,0,0,0,2,14,1,14,6,0,0,121
2020-09-11,0,1,27,0,3,40,1,0,0,0,0,1,12,1,14,6,0,0,106,0,0,4,0,0,9,1,0,0,0,0,0,2,0,0,0,0,0,16,0,1,31,0,3,49,2,0,0,0,0,1,14,1,14,6,0,0,122
2020-09-10,0,1,24,0,3,43,3,0,0,0,0,1,12,1,14,6,0,0,108,0,0,2,0,0,6,1,0,0,0,0,0,2,0,0,1,0,0,12,0,1,26,0,3,49,4,0,0,0,0,1,14,1,14,7,0,0,120
2020-09-09,0,1,23,0,2,44,3,0,0,0,0,0,10,1,14,6,0,0,104,0,0,1,0,0,7,1,0,0,0,0,0,2,0,0,1,0,0,12,0,1,24,0,2,51,4,0,0,0,0,0,12,1,14,7,0,0,116
2020-09-08,0,1,20,0,1,42,3,0,0,0,0,0,8,0,14,7,0,0,96,0,0,2,0,0,7,1,0,0,0,0,0,2,1,0,1,0,0,14,0,1,22,0,1,49,4,0,0,0,0,0,10,1,14,8,0,0,110
2020-09-07,0,2,18,0,0,34,4,0,0,0,0,0,8,1,13,7,0,0,87,0,0,2,0,1,7,1,0,0,0,0,0,2,1,0,1,0,0,15,0,2,20,0,1,41,5,0,0,0,0,0,10,2,13,8,0,0,102
2020-09-06,0,2,15,0,0,34,3,0,0,0,0,0,9,1,13,7,0,0,84,0,0,2,0,1,8,1,0,0,0,0,0,2,1,0,3,0,0,18,0,2,17,0,1,42,4,0,0,0,0,0,11,2,13,10,0,0,102
2020-09-05,0,0,14,0,0,33,3,0,0,0,0,0,10,1,13,7,0,0,81,0,0,1,0,2,8,1,0,0,0,0,0,2,1,0,3,0,0,18,0,0,15,0,2,41,4,0,0,0,0,0,12,2,13,10,0,0,99
2020-09-04,0,0,9,0,0,31,2,0,0,0,0,0,11,1,14,6,0,0,74,0,0,0,0,2,9,1,0,0,0,0,0,2,0,0,3,0,0,17,0,0,9,0,2,40,3,0,0,0,0,0,13,1,14,9,0,0,91
2020-09-03,0,0,9,0,1,35,3,0,0,0,0,0,13,1,13,6,0,0,81,0,0,0,0,1,10,1,0,0,0,0,0,1,0,0,5,0,0,18,0,0,9,0,2,45,4,0,0,0,0,0,14,1,13,11,0,0,99
2020-09-02,0,0,6,0,1,34,3,0,0,0,0,1,11,1,15,5,0,0,77,0,0,0,0,1,11,1,0,0,0,0,0,1,1,1,4,0,0,20,0,0,6,0,2,45,4,0,0,0,0,1,12,2,16,9,0,0,97
2020-09-01,0,0,5,0,1,37,4,0,0,0,0,1,12,1,20,5,0,0,86,0,0,0,0,1,11,1,0,0,0,0,0,1,1,1,4,0,0,20,0,0,5,0,2,48,5,0,0,0,0,1,13,2,21,9,0,0,106
2020-08-31,0,0,4,0,0,38,4,0,0,0,0,1,11,2,22,8,0,0,90,0,0,0,0,2,11,1,0,0,0,0,0,1,0,1,4,0,0,20,0,0,4,0,2,49,5,0,0,0,0,1,12,2,23,12,0,0,110
2020-08-30,0,0,5,0,0,42,4,0,0,0,0,0,12,2,19,10,0,0,94,0,0,0,0,1,10,1,0,0,0,0,1,1,0,1,3,0,0,18,0,0,5,0,1,52,5,0,0,0,0,1,13,2,20,13,0,0,112
2020-08-29,0,0,3,0,0,45,4,0,0,0,0,0,14,3,21,10,0,0,100,0,0,0,0,1,9,1,0,0,0,0,1,0,0,1,3,0,0,16,0,0,3,0,1,54,5,0,0,0,0,1,14,3,22,13,0,0,116
2020-08-28,0,0,3,1,0,44,4,0,0,0,0,0,15,3,20,10,0,0,100,0,0,0,0,1,9,1,0,0,0,0,0,0,0,2,4,0,0,17,0,0,3,1,1,53,5,0,0,0,0,0,15,3,22,14,0,0,117
2020-08-27,0,0,3,1,0,47,4,0,0,0,0,0,14,3,19,9,0,0,100,0,0,0,0,2,7,1,0,0,0,0,0,0,0,2,5,0,0,17,0,0,3,1,2,54,5,0,0,0,0,0,14,3,21,14,0,0,117
2020-08-26,0,0,3,0,0,49,5,0,0,0,0,0,13,2,19,9,0,0,100,0,0,0,0,2,7,0,0,0,0,0,0,0,0,2,4,0,0,15,0,0,3,0,2,56,5,0,0,0,0,0,13,2,21,13,0,0,115
2020-08-25,0,0,3,0,0,50,4,0,0,0,0,0,9,2,19,7,0,0,94,0,0,0,0,0,6,0,0,0,0,0,0,0,0,2,4,0,0,12,0,0,3,0,0,56,4,0,0,0,0,0,9,2,21,11,0,0,106
2020-08-24,0,0,3,0,0,52,4,0,0,0,0,0,9,3,23,12,0,0,106,0,0,0,0,0,6,0,0,0,0,0,0,0,0,2,4,0,0,12,0,0,3,0,0,58,4,0,0,0,0,0,9,3,25,16,0,0,118
2020-08-23,0,0,3,0,0,51,3,0,0,0,0,0,9,3,24,10,0,0,103,0,0,0,0,0,6,0,0,0,0,0,0,0,0,2,4,0,0,12,0,0,3,0,0,57,3,0,0,0,0,0,9,3,26,14,0,0,115
2020-08-22,0,0,3,0,0,49,3,0,0,0,0,0,9,3,26,10,0,0,103,0,0,0,0,0,7,0,0,0,0,0,0,0,0,2,5,0,0,14,0,0,3,0,0,56,3,0,0,0,0,0,9,3,28,15,0,0,117
2020-08-21,0,0,3,0,0,52,4,0,0,0,0,0,9,3,27,10,0,0,108,0,0,0,0,0,7,0,0,0,0,0,0,0,1,2,6,0,0,16,0,0,3,0,0,59,4,0,0,0,0,0,9,4,29,16,0,0,124
2020-08-20,0,0,5,0,0,52,1,0,0,0,0,0,11,2,29,13,0,0,113,0,0,0,0,0,7,4,0,0,0,0,0,0,2,2,8,0,0,23,0,0,5,0,0,59,5,0,0,0,0,0,11,4,31,21,0,0,136
2020-08-19,0,0,5,0,1,56,1,0,0,0,0,0,11,2,31,14,0,0,121,0,0,0,0,0,8,4,0,0,0,0,0,0,2,2,9,0,0,25,0,0,5,0,1,64,5,0,0,0,0,0,11,4,33,23,0,0,146
2020-08-18,0,0,7,0,1,55,1,0,0,0,0,0,11,2,30,13,0,0,120,0,0,0,0,0,9,4,0,0,0,0,0,0,2,2,9,0,0,26,0,0,7,0,1,64,5,0,0,0,0,0,11,4,32,22,0,0,146
2020-08-17,0,0,4,1,1,53,2,0,0,0,0,0,12,2,29,14,0,0,118,0,0,0,0,0,10,3,0,0,0,0,0,1,2,2,9,0,0,27,0,0,4,1,1,63,5,0,0,0,0,0,13,4,31,23,0,0,145
2020-08-16,0,0,6,1,1,51,2,0,0,0,0,0,11,2,31,15,0,0,120,0,0,0,0,0,10,3,0,0,0,0,0,1,3,2,6,0,0,25,0,0,6,1,1,61,5,0,0,0,0,0,12,5,33,21,0,0,145
2020-08-15,0,0,6,1,1,55,2,0,0,0,0,0,11,3,32,13,0,0,124,0,0,0,0,0,10,3,0,0,0,0,0,1,3,2,6,0,0,25,0,0,6,1,1,65,5,0,0,0,0,0,12,6,34,19,0,0,149
2020-08-14,0,0,6,1,1,58,2,0,0,0,0,0,10,3,30,13,0,0,124,0,0,0,0,0,10,3,0,0,0,0,0,1,3,2,6,0,0,25,0,0,6,1,1,68,5,0,0,0,0,0,11,6,32,19,0,0,149
2020-08-13,0,0,4,1,0,61,2,0,0,0,0,0,12,4,29,13,0,0,126,0,0,1,0,0,9,3,0,0,0,0,0,1,3,2,6,0,0,25,0,0,5,1,0,70,5,0,0,0,0,0,13,7,31,19,0,0,151
2020-08-12,0,0,4,1,0,59,2,0,0,0,0,0,11,3,31,15,0,0,126,0,0,1,0,0,7,3,0,0,0,0,0,1,3,2,6,0,0,23,0,0,5,1,0,66,5,0,0,0,0,0,12,6,33,21,0,0,149
2020-08-11,0,1,4,1,0,62,2,0,0,0,0,0,10,3,33,15,0,0,131,0,0,1,0,0,7,2,0,0,0,0,0,1,3,2,4,0,0,20,0,1,5,1,0,69,4,0,0,0,0,0,11,6,35,19,0,0,151
2020-08-10,0,1,3,1,0,58,3,0,0,0,0,0,10,4,32,18,0,0,130,0,0,0,0,0,10,2,0,0,0,0,0,1,3,3,2,0,0,21,0,1,3,1,0,68,5,0,0,0,0,0,11,7,35,20,0,0,151
2020-08-09,0,1,4,1,0,60,3,0,0,0,0,1,9,4,34,19,0,0,136,0,0,0,0,0,9,2,0,0,0,0,0,1,3,4,2,0,0,21,0,1,4,1,0,69,5,0,0,0,0,1,10,7,38,21,0,0,157
2020-08-08,0,1,4,1,0,60,2,0,0,0,0,1,7,2,38,18,0,0,134,0,0,0,0,0,9,2,0,0,0,0,0,1,4,4,2,0,0,22,0,1,4,1,0,69,4,0,0,0,0,1,8,6,42,20,0,0,156
2020-08-07,0,1,3,1,0,59,2,0,0,0,0,1,7,2,36,20,0,0,132,0,0,0,0,0,9,2,0,0,0,0,0,1,3,4,4,0,0,23,0,1,3,1,0,68,4,0,0,0,0,1,8,5,40,24,0,0,155
2020-08-06,0,1,3,1,0,59,2,0,0,0,1,1,8,2,35,20,0,0,133,0,0,0,0,0,9,1,0,0,0,0,0,1,2,3,3,0,0,19,0,1,3,1,0,68,3,0,0,0,1,1,9,4,38,23,0,0,152
2020-08-05,0,2,5,1,1,64,2,0,0,0,1,1,9,2,36,22,0,0,146,0,0,0,0,0,9,1,0,0,0,0,0,1,2,3,3,0,0,19,0,2,5,1,1,73,3,0,0,0,1,1,10,4,39,25,0,0,165
2020-08-04,0,2,5,2,1,66,3,0,0,0,0,1,9,2,35,22,0,0,148,0,0,0,0,0,9,1,0,0,0,0,0,1,2,3,3,0,0,19,0,2,5,2,1,75,4,0,0,0,0,1,10,4,38,25,0,0,167
2020-08-03,0,2,5,2,1,66,5,0,0,0,0,0,10,2,36,19,0,0,148,0,0,0,0,0,10,1,0,0,0,0,0,2,2,3,3,0,0,21,0,2,5,2,1,76,6,0,0,0,0,0,12,4,39,22,0,0,169
2020-08-02,0,2,5,1,1,65,5,0,0,0,0,0,10,2,34,29,0,0,154,0,0,0,0,0,8,1,0,0,0,0,0,2,2,3,2,0,0,18,0,2,5,1,1,73,6,0,0,0,0,0,12,4,37,31,0,0,172
2020-08-01,0,2,4,1,1,67,5,0,0,0,0,0,10,2,33,30,0,0,155,0,0,0,0,0,8,1,0,0,0,0,0,2,2,3,1,0,0,17,0,2,4,1,1,75,6,0,0,0,0,0,12,4,36,31,0,0,172
2020-07-31,0,2,4,1,1,66,5,0,0,0,0,0,10,2,36,32,0,0,159,0,0,0,0,0,9,1,0,0,0,0,0,2,2,3,1,0,0,18,0,2,4,1,1,75,6,0,0,0,0,0,12,4,39,33,0,0,177
2020-07-30,0,2,4,1,1,74,5,0,0,0,0,0,10,3,40,34,0,0,174,0,0,0,0,0,7,1,0,0,0,0,0,2,2,2,1,0,0,15,0,2,4,1,1,81,6,0,0,0,0,0,12,5,42,35,0,0,189
2020-07-29,0,2,4,1,1,83,5,0,0,0,0,0,4,3,52,35,0,0,190,0,0,0,0,0,6,1,0,0,0,0,0,7,1,1,2,0,0,18,0,2,4,1,1,89,6,0,0,0,0,0,11,4,53,37,0,0,208
2020-07-28,0,2,3,2,1,82,4,0,0,0,0,0,9,3,40,35,0,0,181,0,0,0,0,0,6,0,0,0,0,0,0,1,1,1,0,0,0,9,0,2,3,2,1,88,4,0,0,0,0,0,10,4,41,35,0,0,190
2020-07-27,0,2,2,2,1,87,4,0,0,0,0,1,10,4,35,37,0,0,185,0,0,0,0,0,5,0,0,0,0,0,0,1,1,1,0,0,0,8,0,2,2,2,1,92,4,0,0,0,0,1,11,5,36,37,0,0,193
2020-07-26,0,2,2,2,1,93,4,0,0,0,0,1,10,5,36,37,0,0,193,0,0,0,0,0,5,0,0,0,0,0,0,0,1,1,0,0,0,7,0,2,2,2,1,98,4,0,0,0,0,1,10,6,37,37,0,0,200
2020-07-25,0,2,2,2,1,93,4,0,0,0,0,0,9,5,33,36,0,0,187,0,0,0,0,0,7,0,0,0,0,0,0,0,1,1,1,0,0,10,0,2,2,2,1,100,4,0,0,0,0,0,9,6,34,37,0,0,197
2020-07-24,0,2,2,2,1,98,4,0,0,0,0,0,10,5,34,36,0,0,194,0,0,0,0,0,9,0,0,0,0,0,0,0,1,1,1,0,0,12,0,2,2,2,1,107,4,0,0,0,0,0,10,6,35,37,0,0,206
2020-07-23,0,2,2,2,1,106,4,0,0,0,0,0,10,5,35,41,0,0,208,0,0,0,0,0,9,0,0,0,0,0,0,0,1,1,1,0,0,12,0,2,2,2,1,115,4,0,0,0,0,0,10,6,36,42,0,0,220
2020-07-22,0,2,2,2,1,104,4,0,0,0,0,0,10,5,34,43,0,0,207,0,0,0,0,0,10,0,0,0,0,0,0,0,1,2,1,0,0,14,0,2,2,2,1,114,4,0,0,0,0,0,10,6,36,44,0,0,221
2020-07-21,0,2,2,2,1,110,5,0,0,0,0,0,12,5,35,45,0,0,219,0,0,0,0,0,12,0,0,0,0,0,0,0,1,2,1,0,0,16,0,2,2,2,1,122,5,0,0,0,0,0,12,6,37,46,0,0,235
2020-07-20,0,2,2,3,1,115,5,0,0,0,0,0,13,5,36,50,0,0,232,0,0,0,0,0,11,0,0,0,0,0,0,0,1,2,1,0,0,15,0,2,2,3,1,126,5,0,0,0,0,0,13,6,38,51,0,0,247
2020-07-19,0,2,2,3,1,113,6,0,0,0,0,0,15,5,36,51,0,0,234,0,0,0,0,0,12,0,0,0,0,0,0,0,1,3,1,0,0,17,0,2,2,3,1,125,6,0,0,0,0,0,15,6,39,52,0,0,251
2020-07-18,0,4,2,3,1,113,5,0,0,0,0,0,15,5,35,50,0,0,233,0,0,0,0,0,12,1,0,0,0,0,0,0,1,3,1,0,0,18,0,4,2,3,1,125,6,0,0,0,0,0,15,6,38,51,0,0,251
2020-07-17,0,4,3,3,1,116,5,0,0,0,0,0,14,5,34,48,0,0,233,0,0,0,0,0,10,1,0,0,0,0,0,0,1,2,1,0,0,15,0,4,3,3,1,126,6,0,0,0,0,0,14,6,36,49,0,0,248
2020-07-16,0,5,3,5,1,118,6,0,0,0,0,0,15,6,35,50,0,0,244,0,0,0,0,0,10,1,0,0,0,0,0,0,1,2,2,0,0,16,0,5,3,5,1,128,7,0,0,0,0,0,15,7,37,52,0,0,260
2020-07-15,0,5,5,8,2,119,7,0,0,0,0,0,15,6,39,51,0,0,257,0,0,0,0,0,14,1,0,0,0,0,0,0,1,2,2,0,0,20,0,5,5,8,2,133,8,0,0,0,0,0,15,7,41,53,0,0,277
2020-07-14,0,3,6,8,4,125,7,0,0,0,0,0,15,6,39,52,0,0,265,0,1,0,0,0,13,1,0,0,0,0,0,0,1,2,2,0,0,20,0,4,6,8,4,138,8,0,0,0,0,0,15,7,41,54,0,0,285
2020-07-13,0,3,7,9,3,131,7,0,0,0,0,0,16,7,38,53,0,0,274,0,1,0,1,0,13,1,0,0,0,0,0,0,0,3,2,0,0,21,0,4,7,10,3,144,8,0,0,0,0,0,16,7,41,55,0,0,295
2020-07-12,0,4,7,10,3,134,7,0,0,0,0,0,17,7,38,58,0,0,285,0,0,0,1,0,14,1,0,0,0,0,0,0,0,3,2,0,0,21,0,4,7,11,3,148,8,0,0,0,0,0,17,7,41,60,0,0,306
2020-07-11,0,2,8,11,3,136,7,0,0,0,0,0,17,6,38,59,0,0,287,0,0,0,0,0,14,1,0,0,0,0,0,0,0,4,1,0,0,20,0,2,8,11,3,150,8,0,0,0,0,0,17,6,42,60,0,0,307
2020-07-10,0,3,8,7,3,139,6,0,0,0,0,0,20,6,38,62,0,0,292,0,0,0,1,0,15,1,0,0,0,0,0,0,0,4,1,0,0,22,0,3,8,8,3,154,7,0,0,0,0,0,20,6,42,63,0,0,314
2020-07-09,0,3,9,6,3,139,6,0,0,0,0,0,20,6,45,58,0,0,295,0,0,0,1,0,16,1,0,0,0,0,0,0,0,4,2,0,0,24,0,3,9,7,3,155,7,0,0,0,0,0,20,6,49,60,0,0,319
2020-07-08,0,3,10,6,3,142,4,0,0,0,0,0,21,6,41,46,0,0,282,0,0,0,1,0,17,1,0,0,0,0,0,0,0,5,3,0,0,27,0,3,10,7,3,159,5,0,0,0,0,0,21,6,46,49,0,0,309
2020-07-07,0,3,10,6,3,155,2,0,0,0,0,0,22,6,43,55,0,0,305,0,0,0,1,0,18,1,0,0,0,0,0,0,0,5,2,0,0,27,0,3,10,7,3,173,3,0,0,0,0,0,22,6,48,57,0,0,332
2020-07-06,0,2,10,6,3,163,3,0,0,0,0,0,23,6,42,64,0,0,322,0,0,0,1,0,18,1,0,0,0,0,0,0,0,4,2,0,0,26,0,2,10,7,3,181,4,0,0,0,0,0,23,6,46,66,0,0,348
2020-07-05,0,2,10,6,4,176,4,0,0,0,0,1,25,6,43,76,0,0,353,0,0,0,1,0,19,1,0,0,0,0,0,0,0,3,1,0,0,25,0,2,10,7,4,195,5,0,0,0,0,1,25,6,46,77,0,0,378
2020-07-04,0,0,10,6,4,174,5,0,0,0,0,1,25,6,40,75,0,0,346,0,0,0,1,0,20,1,0,0,0,0,0,0,0,3,1,0,0,26,0,0,10,7,4,194,6,0,0,0,0,1,25,6,43,76,0,0,372
2020-07-03,0,0,8,6,2,177,5,0,0,0,0,2,26,6,42,75,0,0,349,0,0,0,1,0,21,1,0,0,0,0,0,0,0,3,1,0,0,27,0,0,8,7,2,198,6,0,0,0,0,2,26,6,45,76,0,0,376
2020-07-02,1,0,8,6,2,178,5,0,0,0,0,2,28,6,46,80,0,0,362,0,0,0,1,0,23,1,0,0,0,0,0,0,0,4,2,0,0,31,1,0,8,7,2,201,6,0,0,0,0,2,28,6,50,82,0,0,393
2020-07-01,1,0,8,6,2,181,5,0,0,0,0,2,31,7,49,88,0,0,380,0,0,0,1,0,22,1,0,0,0,0,0,2,0,5,1,0,0,32,1,0,8,7,2,203,6,0,0,0,0,2,33,7,54,89,0,0,412
2020-06-30,1,0,8,7,2,188,5,0,0,0,0,2,32,7,48,90,0,0,390,0,0,0,1,0,23,1,0,0,0,0,0,2,0,5,1,0,0,33,1,0,8,8,2,211,6,0,0,0,0,2,34,7,53,91,0,0,423
2020-06-29,2,0,8,6,2,193,5,0,0,0,0,2,31,6,50,93,0,0,398,0,0,0,2,0,28,1,0,0,0,0,0,2,1,4,0,0,0,38,2,0,8,8,2,221,6,0,0,0,0,2,33,7,54,93,0,0,436
2020-06-28,2,0,7,7,1,202,6,0,0,0,0,2,29,5,53,97,0,0,411,0,0,1,1,0,33,1,0,0,0,0,0,2,1,5,1,0,0,45,2,0,8,8,1,235,7,0,0,0,0,2,31,6,58,98,0,0,456
2020-06-27,2,0,7,7,1,203,6,0,0,0,1,2,29,5,51,99,0,0,413,0,0,1,1,0,33,1,0,0,0,0,0,2,1,3,1,0,0,43,2,0,8,8,1,236,7,0,0,0,1,2,31,6,54,100,0,0,456
2020-06-26,1,0,7,7,1,198,6,0,0,0,1,2,29,5,52,105,0,0,414,0,0,1,1,0,34,1,0,0,0,0,0,1,1,4,2,0,0,45,1,0,8,8,1,232,7,0,0,0,1,2,30,6,56,107,0,0,459
2020-06-25,1,0,8,6,1,216,6,0,0,0,0,2,28,5,51,106,0,0,430,0,0,1,2,0,34,1,0,0,0,0,0,2,1,5,2,0,0,48,1,0,9,8,1,250,7,0,0,0,0,2,30,6,56,108,0,0,478
2020-06-24,1,0,8,8,1,220,6,0,0,0,0,2,31,5,48,107,0,0,437,0,0,1,2,0,35,1,0,0,0,0,0,2,1,5,3,0,0,50,1,0,9,10,1,255,7,0,0,0,0,2,33,6,53,110,0,0,487
2020-06-23,1,0,8,8,1,233,6,0,0,0,0,2,30,5,47,107,0,0,448,0,0,1,2,0,36,1,0,0,0,0,0,3,1,5,3,0,0,52,1,0,9,10,1,269,7,0,0,0,0,2,33,6,52,110,0,0,500
2020-06-22,1,0,8,10,2,235,7,1,0,0,0,2,32,5,47,109,0,0,459,0,0,1,0,0,38,1,0,0,0,0,0,4,1,4,7,0,0,56,1,0,9,10,2,273,8,1,0,0,0,2,36,6,51,116,0,0,515
2020-06-21,1,0,7,10,1,248,7,0,0,0,0,1,30,4,49,105,0,0,463,0,0,1,1,0,38,1,0,0,0,0,1,3,2,3,7,0,0,57,1,0,8,11,1,286,8,0,0,0,0,2,33,6,52,112,0,0,520
2020-06-20,1,0,7,10,1,246,9,0,0,0,0,1,32,6,47,100,0,0,460,0,0,1,3,0,39,1,0,0,0,0,1,3,2,3,8,0,0,61,1,0,8,13,1,285,10,0,0,0,0,2,35,8,50,108,0,0,521
2020-06-19,0,0,8,10,1,252,9,0,0,0,0,1,32,6,45,103,0,0,467,0,0,1,3,0,40,1,0,0,0,0,1,3,2,3,8,0,0,62,0,0,9,13,1,292,10,0,0,0,0,2,35,8,48,111,0,0,529
2020-06-18,0,0,9,13,1,282,11,0,0,0,0,1,29,7,50,109,0,0,512,0,0,1,3,0,40,1,0,0,0,0,1,4,2,3,7,0,0,62,0,0,10,16,1,322,12,0,0,0,0,2,33,9,53,116,0,0,574
2020-06-17,0,0,11,14,1,328,11,0,0,0,0,1,46,8,45,107,0,0,572,0,0,2,3,0,43,1,0,0,0,0,1,4,2,3,6,0,0,65,0,0,13,17,1,371,12,0,0,0,0,2,50,10,48,113,0,0,637
2020-06-16,0,0,12,16,1,352,11,0,0,0,0,2,54,11,47,112,0,0,618,0,0,3,3,0,47,2,0,0,0,0,1,5,3,3,5,0,0,72,0,0,15,19,1,399,13,0,0,0,0,3,59,14,50,117,0,0,690
2020-06-15,0,0,12,15,2,377,12,0,0,0,0,2,54,12,44,111,0,0,641,0,0,2,3,0,50,2,0,0,0,0,1,6,3,4,6,0,0,77,0,0,14,18,2,427,14,0,0,0,0,3,60,15,48,117,0,0,718
2020-06-14,0,0,13,17,2,411,13,0,0,0,0,2,55,11,48,117,0,0,689,0,0,2,3,0,52,2,0,0,0,0,1,7,4,4,7,0,0,82,0,0,15,20,2,463,15,0,0,0,0,3,62,15,52,124,0,0,771
2020-06-13,0,0,12,17,2,415,12,0,0,0,0,2,55,11,40,118,0,0,684,0,0,3,3,0,53,2,0,0,0,0,1,7,4,5,7,0,0,85,0,0,15,20,2,468,14,0,0,0,0,3,62,15,45,125,0,0,769
2020-06-12,0,0,15,16,2,419,12,0,0,0,0,2,57,11,34,118,0,0,686,0,0,3,3,0,61,3,0,0,0,0,1,8,4,7,12,0,0,102,0,0,18,19,2,480,15,0,0,0,0,3,65,15,41,130,0,0,788
2020-06-11,0,0,22,16,2,457,13,0,0,0,0,2,57,12,37,115,0,0,733,0,0,2,3,0,64,3,0,0,0,0,1,8,6,8,12,0,0,107,0,0,24,19,2,521,16,0,0,0,0,3,65,18,45,127,0,0,840
2020-06-10,0,0,21,16,3,481,13,0,0,0,0,4,60,14,34,111,0,0,757,0,0,1,3,0,70,4,0,0,0,0,1,10,6,7,12,0,0,114,0,0,22,19,3,551,17,0,0,0,0,5,70,20,41,123,0,0,871
2020-06-09,0,0,22,17,4,514,13,0,0,0,0,4,63,12,33,115,0,0,797,0,0,1,3,0,72,4,0,0,0,0,1,11,8,8,9,0,0,117,0,0,23,20,4,586,17,0,0,0,0,5,74,20,41,124,0,0,914
2020-06-08,0,0,23,17,4,540,13,0,0,0,0,3,64,14,43,123,0,0,844,0,0,1,3,1,67,4,0,0,0,0,2,11,9,9,10,0,0,117,0,0,24,20,5,607,17,0,0,0,0,5,75,23,52,133,0,0,961
2020-06-07,0,0,24,17,4,547,13,0,0,0,0,4,63,14,44,127,0,0,857,0,0,1,4,1,68,4,0,0,0,0,2,12,8,9,10,0,0,119,0,0,25,21,5,615,17,0,0,0,0,6,75,22,53,137,0,0,976
2020-06-06,0,0,22,18,4,536,12,0,0,0,0,4,63,14,44,123,0,0,840,0,0,2,3,1,71,4,0,0,0,0,2,13,8,9,13,0,0,126,0,0,24,21,5,607,16,0,0,0,0,6,76,22,53,136,0,0,966
2020-06-05,0,0,21,19,4,536,13,0,0,0,0,4,68,14,46,124,0,0,849,0,0,2,3,1,71,4,0,0,0,0,2,13,7,9,15,0,0,127,0,0,23,22,5,607,17,0,0,0,0,6,81,21,55,139,0,0,976
2020-06-04,0,0,23,26,4,568,13,0,0,0,0,4,70,15,47,125,0,0,895,0,0,2,4,2,72,4,0,0,0,0,2,13,7,8,15,0,0,129,0,0,25,30,6,640,17,0,0,0,0,6,83,22,55,140,0,0,1024
2020-06-03,1,0,24,26,4,588,13,0,0,0,0,4,74,16,48,134,0,0,932,0,0,3,4,2,82,4,0,0,0,0,2,14,7,9,17,0,0,144,1,0,27,30,6,670,17,0,0,0,0,6,88,23,57,151,0,0,1076
2020-06-02,1,0,25,26,6,621,12,0,0,0,0,4,80,17,48,145,0,0,985,0,0,2,5,1,94,4,1,0,0,0,2,14,8,8,16,0,0,155,1,0,27,31,7,715,16,1,0,0,0,6,94,25,56,161,0,0,1140
2020-06-01,1,0,26,25,7,626,13,0,0,0,0,4,83,17,48,161,0,0,1011,0,0,4,5,1,91,4,1,0,0,0,2,17,10,8,15,0,0,158,1,0,30,30,8,717,17,1,0,0,0,6,100,27,56,176,0,0,1169
2020-05-31,1,0,27,31,9,622,12,0,0,0,0,4,88,17,48,160,0,0,1019,0,0,3,5,1,93,4,1,0,0,0,2,19,11,10,12,0,0,161,1,0,30,36,10,715,16,1,0,0,0,6,107,28,58,172,0,0,1180
2020-05-30,1,0,26,28,9,623,12,0,0,0,0,4,91,15,47,167,0,0,1023,0,0,4,6,1,100,4,1,0,0,0,2,17,12,10,13,0,0,170,1,0,30,34,10,723,16,1,0,0,0,6,108,27,57,180,0,0,1193
2020-05-29,1,0,24,30,9,629,11,0,0,0,0,3,89,16,48,167,0,0,1027,0,0,4,5,1,100,3,0,0,0,0,2,16,12,9,13,0,0,165,1,0,28,35,10,729,14,0,0,0,0,5,105,28,57,180,0,0,1192
2020-05-28,1,0,24,33,10,674,13,0,0,0,0,3,91,19,48,172,0,0,1088,0,0,4,5,1,101,3,0,0,0,0,2,16,13,10,16,0,0,171,1,0,28,38,11,775,16,0,0,0,0,5,107,32,58,188,0,0,1259
2020-05-27,2,0,26,38,14,708,14,0,0,0,1,4,89,22,52,180,0,0,1150,0,0,3,5,1,106,2,0,0,0,0,2,15,15,10,18,0,0,177,2,0,29,43,15,814,16,0,0,0,1,6,104,37,62,198,0,0,1327
2020-05-26,4,0,23,38,13,741,12,0,0,0,0,4,91,25,53,188,0,0,1192,0,0,3,5,1,109,2,0,0,0,0,2,14,17,11,18,0,0,182,4,0,26,43,14,850,14,0,0,0,0,6,105,42,64,206,0,0,1374
2020-05-25,4,0,27,39,14,757,12,0,0,0,0,4,95,28,50,190,0,0,1220,1,0,2,5,2,108,2,0,0,0,0,2,12,17,13,17,0,0,181,5,0,29,44,16,865,14,0,0,0,0,6,107,45,63,207,0,0,1401
2020-05-24,4,0,28,41,14,767,10,0,0,0,0,4,94,33,52,197,0,0,1244,1,0,2,5,2,109,2,0,0,0,0,2,11,16,13,16,0,0,179,5,0,30,46,16,876,12,0,0,0,0,6,105,49,65,213,0,0,1423
2020-05-23,5,0,27,40,14,782,11,0,0,0,0,4,93,33,54,199,0,0,1262,1,0,2,3,2,105,2,0,0,0,0,2,12,12,12,17,0,0,170,6,0,29,43,16,887,13,0,0,0,0,6,105,45,66,216,0,0,1432
2020-05-22,5,0,27,41,15,799,9,0,0,0,0,4,101,36,48,197,0,0,1282,0,0,2,2,2,108,2,0,0,0,0,2,11,9,11,18,0,0,167,5,0,29,43,17,907,11,0,0,0,0,6,112,45,59,215,0,0,1449
2020-05-21,4,0,26,46,19,815,9,0,0,0,0,3,95,41,49,198,0,0,1305,1,0,2,2,2,111,2,0,0,0,0,3,12,8,10,18,0,0,171,5,0,28,48,21,926,11,0,0,0,0,6,107,49,59,216,0,0,1476
2020-05-20,2,0,25,48,19,833,10,0,0,0,1,3,90,38,56,200,0,0,1325,0,0,3,2,2,115,2,0,0,0,0,3,13,9,9,17,0,0,175,2,0,28,50,21,948,12,0,0,0,1,6,103,47,65,217,0,0,1500
2020-05-19,2,0,23,47,22,855,9,0,0,0,0,4,96,37,65,199,0,0,1359,0,0,5,1,1,121,2,0,0,0,0,3,14,8,9,19,0,0,183,2,0,28,48,23,976,11,0,0,0,0,7,110,45,74,218,0,0,1542
2020-05-18,2,0,28,51,22,1058,11,0,0,0,0,5,110,38,64,210,0,0,1599,0,0,6,1,2,114,2,0,0,0,0,2,14,10,9,18,0,0,178,2,0,34,52,24,1172,13,0,0,0,0,7,124,48,73,228,0,0,1777
2020-05-17,2,0,29,52,22,1051,10,0,0,0,0,4,113,35,67,201,0,0,1586,0,0,6,1,2,114,1,0,0,0,0,2,12,11,8,19,0,0,176,2,0,35,53,24,1165,11,0,0,0,0,6,125,46,75,220,0,0,1762
2020-05-16,2,0,28,56,25,1044,10,0,0,0,0,3,114,35,65,198,0,0,1580,0,0,5,2,2,118,1,1,0,0,0,3,13,11,7,19,0,0,182,2,0,33,58,27,1162,11,1,0,0,0,6,127,46,72,217,0,0,1762
2020-05-15,2,0,34,58,22,1063,10,0,0,0,0,3,114,38,65,194,0,0,1603,0,0,4,2,3,122,1,1,0,0,0,3,14,10,9,16,0,0,185,2,0,38,60,25,1185,11,1,0,0,0,6,128,48,74,210,0,0,1788
2020-05-14,2,0,36,62,24,1069,9,1,0,0,0,3,121,40,66,194,0,0,1627,0,0,5,4,3,125,2,1,0,0,0,3,13,11,7,17,0,0,191,2,0,41,66,27,1194,11,2,0,0,0,6,134,51,73,211,0,0,1818
2020-05-13,2,0,38,62,26,1071,8,2,0,0,0,4,124,43,61,198,0,0,1639,0,0,5,3,2,129,2,0,0,0,0,3,13,9,8,16,0,0,190,2,0,43,65,28,1200,10,2,0,0,0,7,137,52,69,214,0,0,1829
2020-05-12,2,0,35,60,27,1103,10,1,0,0,0,4,125,44,62,199,0,0,1672,0,0,5,3,2,131,2,0,0,0,0,3,13,9,8,18,0,0,194,2,0,40,63,29,1234,12,1,0,0,0,7,138,53,70,217,0,0,1866
2020-05-11,3,0,32,62,27,1077,9,1,0,0,0,5,119,49,61,205,0,0,1650,0,0,6,3,2,121,2,0,0,0,0,3,12,8,8,19,0,0,184,3,0,38,65,29,1198,11,1,0,0,0,8,131,57,69,224,0,0,1834
2020-05-10,3,0,33,61,27,1074,8,1,0,0,0,4,120,50,59,200,0,0,1640,0,0,6,4,2,127,2,0,0,0,0,3,14,8,6,20,0,0,192,3,0,39,65,29,1201,10,1,0,0,0,7,134,58,65,220,0,0,1832
2020-05-09,3,0,30,58,28,1065,7,1,0,0,0,4,127,45,57,202,0,0,1627,0,0,7,4,3,125,2,0,0,0,0,3,15,10,6,23,0,0,198,3,0,37,62,31,1190,9,1,0,0,0,7,142,55,63,225,0,0,1825
2020-05-08,2,1,29,59,28,1062,7,2,0,0,0,3,124,48,58,200,0,0,1623,0,0,6,4,3,132,2,0,0,0,0,4,15,10,6,21,0,0,203,2,1,35,63,31,1194,9,2,0,0,0,7,139,58,64,221,0,0,1826
2020-05-07,2,2,27,56,32,1071,6,2,0,0,0,3,122,50,39,204,0,0,1616,0,0,6,5,2,136,3,0,0,0,0,4,15,10,6,19,0,0,206,2,2,33,61,34,1207,9,2,0,0,0,7,137,60,45,223,0,0,1822
2020-05-06,2,1,25,57,31,1062,9,2,0,0,0,2,120,50,38,206,0,0,1605,0,1,6,6,3,145,3,0,0,0,0,4,18,9,6,21,0,0,222,2,2,31,63,34,1207,12,2,0,0,0,6,138,59,44,227,0,0,1827
2020-05-05,1,0,25,60,35,1077,9,2,0,0,0,2,114,45,39,212,0,0,1621,1,1,6,5,2,139,3,0,0,0,0,4,14,12,6,20,0,0,213,2,1,31,65,37,1216,12,2,0,0,0,6,128,57,45,232,0,0,1834
2020-05-04,1,0,24,60,39,1055,9,2,0,0,0,0,107,49,40,213,0,0,1599,1,1,6,6,1,139,2,0,0,0,0,6,15,13,6,22,0,0,218,2,1,30,66,40,1194,11,2,0,0,0,6,122,62,46,235,0,0,1817
2020-05-03,1,0,22,62,40,1011,6,2,0,0,0,0,103,52,41,208,0,0,1548,1,1,6,5,2,137,2,0,0,0,0,6,14,15,7,21,0,0,217,2,1,28,67,42,1148,8,2,0,0,0,6,117,67,48,229,0,0,1765
2020-05-02,2,0,22,59,40,1005,7,2,0,0,0,0,101,53,38,203,0,0,1532,1,1,7,5,2,136,2,0,0,0,0,7,14,14,7,20,0,0,216,3,1,29,64,42,1141,9,2,0,0,0,7,115,67,45,223,0,0,1748
2020-05-01,2,0,23,62,43,979,5,2,0,0,0,0,100,52,37,204,0,0,1509,1,1,7,4,2,146,2,0,0,0,0,7,15,13,6,18,0,0,222,3,1,30,66,45,1125,7,2,0,0,0,7,115,65,43,222,0,0,1731
2020-04-30,2,2,21,69,45,966,3,2,0,0,0,0,96,50,40,195,0,0,1491,1,0,8,4,2,141,2,0,0,0,0,7,13,14,6,20,0,0,218,3,2,29,73,47,1107,5,2,0,0,0,7,109,64,46,215,0,0,1709
2020-04-29,2,2,20,70,46,948,4,1,0,0,0,0,93,53,39,185,1,0,1464,1,0,9,3,2,138,2,0,0,0,0,7,11,14,5,21,0,0,213,3,2,29,73,48,1086,6,1,0,0,0,7,104,67,44,206,1,0,1677
2020-04-28,2,3,19,77,45,920,3,1,0,0,0,0,90,48,38,176,1,0,1423,1,0,9,3,2,144,4,0,0,0,0,8,11,15,6,19,0,0,222,3,3,28,80,47,1064,7,1,0,0,0,8,101,63,44,195,1,0,1645
2020-04-27,3,5,22,76,45,891,3,2,0,0,0,0,85,44,38,187,1,0,1402,0,0,8,4,2,140,4,0,0,0,0,8,11,14,6,20,0,0,217,3,5,30,80,47,1031,7,2,0,0,0,8,96,58,44,207,1,0,1619
2020-04-26,3,4,23,71,44,820,3,2,0,0,0,0,90,44,43,180,1,0,1328,0,0,8,5,3,134,4,0,0,0,0,7,11,14,6,18,0,0,210,3,4,31,76,47,954,7,2,0,0,0,7,101,58,49,198,1,0,1538
2020-04-25,2,5,21,71,38,824,5,2,0,0,0,0,91,45,34,173,1,0,1312,0,0,7,4,4,132,2,0,0,0,0,8,11,13,5,18,0,0,204,2,5,28,75,42,956,7,2,0,0,0,8,102,58,39,191,1,0,1516
2020-04-24,2,5,22,74,37,834,6,2,0,0,0,0,85,43,33,153,1,0,1297,0,0,6,4,4,136,1,0,0,0,0,8,12,13,5,19,0,0,208,2,5,28,78,41,970,7,2,0,0,0,8,97,56,38,172,1,0,1505
2020-04-23,2,4,21,71,40,797,3,2,0,0,0,0,82,33,22,155,1,0,1233,0,0,8,7,5,144,3,0,0,0,0,9,12,12,7,20,0,0,227,2,4,29,78,45,941,6,2,0,0,0,9,94,45,29,175,1,0,1460
2020-04-22,2,3,22,79,36,757,5,2,0,0,0,0,82,34,21,159,1,0,1203,0,0,5,5,5,138,3,0,0,0,0,7,12,7,7,18,0,0,207,2,3,27,84,41,895,8,2,0,0,0,7,94,41,28,177,1,0,1410
2020-04-21,1,3,21,70,37,674,4,2,0,0,0,1,77,31,17,138,1,0,1077,1,0,5,5,6,131,3,0,0,0,0,6,12,6,7,17,0,0,199,2,3,26,75,43,805,7,2,0,0,0,7,89,37,24,155,1,0,1276
2020-04-20,1,4,26,60,38,644,0,2,0,0,0,2,68,33,16,127,1,0,1022,1,0,7,5,5,129,9,0,0,0,0,5,13,6,7,14,0,0,201,2,4,33,65,43,773,9,2,0,0,0,7,81,39,23,141,1,0,1223
2020-04-19,1,4,26,62,38,605,0,2,0,0,0,2,63,28,16,122,1,0,970,1,0,7,5,5,125,9,0,0,0,0,5,12,5,7,17,0,0,198,2,4,33,67,43,730,9,2,0,0,0,7,75,33,23,139,1,0,1168
2020-04-18,2,7,26,61,36,563,0,4,0,0,0,4,62,34,14,103,1,0,917,1,0,7,6,5,114,9,0,0,0,0,5,11,5,8,12,0,0,183,3,7,33,67,41,677,9,4,0,0,0,9,73,39,22,115,1,0,1100
2020-04-17,2,6,24,56,35,540,0,5,0,0,0,3,68,32,8,99,1,0,879,1,0,8,7,5,120,9,0,0,0,0,5,13,6,8,11,0,0,193,3,6,32,63,40,660,9,5,0,0,0,8,81,38,16,110,1,0,1072
2020-04-16,1,3,31,43,42,490,0,3,0,0,1,7,57,33,10,100,1,0,822,1,0,9,7,7,120,9,0,0,0,0,3,15,6,9,10,0,0,196,2,3,40,50,49,610,9,3,0,0,1,10,72,39,19,110,1,0,1018
2020-04-15,0,3,30,42,48,467,0,3,0,0,0,6,58,34,9,87,1,0,788,2,0,10,7,6,117,10,0,0,0,0,2,11,6,9,7,0,0,187,2,3,40,49,54,584,10,3,0,0,0,8,69,40,18,94,1,0,975
2020-04-14,1,3,30,38,48,441,0,3,0,0,0,5,53,28,9,77,1,0,737,1,0,10,7,7,116,9,0,0,0,0,2,10,7,9,12,0,0,190,2,3,40,45,55,557,9,3,0,0,0,7,63,35,18,89,1,0,927
2020-04-13,0,2,30,39,43,420,1,4,0,0,0,4,52,37,8,89,1,0,730,1,0,10,8,10,101,7,0,0,0,0,2,9,0,9,4,0,0,161,1,2,40,47,53,521,8,4,0,0,0,6,61,37,17,93,1,0,891
2020-04-12,0,2,29,36,38,382,1,5,0,0,0,4,44,37,5,80,1,0,664,1,0,12,11,11,102,3,0,0,0,0,2,12,0,7,5,0,0,166,1,2,41,47,49,484,4,5,0,0,0,6,56,37,12,85,1,0,830
2020-04-11,0,1,27,32,41,365,0,5,0,0,0,5,38,36,7,76,1,0,634,1,0,12,11,11,96,3,0,0,0,0,2,10,0,5,5,0,0,156,1,1,39,43,52,461,3,5,0,0,0,7,48,36,12,81,1,0,790
2020-04-10,0,2,29,30,36,356,0,5,0,0,0,5,36,35,9,68,1,0,612,1,0,12,11,12,90,3,0,0,0,0,1,9,0,4,3,0,0,146,1,2,41,41,48,446,3,5,0,0,0,6,45,35,13,71,1,0,758
